{
    "profile": "tabular-data-package",
    "name": "mapping-swl-loinc",
    "title": "Mapping Swisslab/LOINC",
    "version": "2.0.0",
    "git-commit": "94423072",
    "checksum": "5c0b69c1850712b65165d283003bdfa21d101b33bc368b5a8f9677d8bbbd5b06",
    "created": "2023-11-01T10:10:44.790372+00:00",
    "resources": [
        {
            "path": "data/mapping_swl_loinc.csv",
            "profile": "tabular-data-resource",
            "name": "mapping_swl_loinc",
            "format": "csv",
            "mediatype": "text/csv",
            "encoding": "euc-jp",
            "schema": {
                "fields": [
                    {
                        "name": "CODE",
                        "type": "string",
                        "format": "default"
                    },
                    {
                        "name": "LOINC",
                        "type": "string",
                        "format": "default"
                    },
                    {
                        "name": "UCUM_WERT",
                        "type": "string",
                        "format": "default"
                    },
                    {
                        "name": "QUELLE",
                        "type": "string",
                        "format": "default"
                    },
                    {
                        "name": "BESCHREIBUNG",
                        "type": "string",
                        "format": "default"
                    }
                ],
                "missingValues": [
                    ""
                ]
            }
        }
    ]
}