{
    "profile": "tabular-data-package",
    "name": "mapping-swl-loinc",
    "title": "Mapping Swisslab/LOINC",
    "version": "0.1.0",
    "git-commit": "602baef6",
    "checksum": "c5d093b49847fe9cae20674cfa19e876023c48491bdc69b4aa59d6a9b54fcc20",
    "created": "2022-11-10T07:54:56.666046+00:00",
    "resources": [
        {
            "path": "data/mapping_swl_loinc.csv",
            "profile": "tabular-data-resource",
            "name": "mapping_swl_loinc",
            "format": "csv",
            "mediatype": "text/csv",
            "encoding": "utf-8",
            "schema": {
                "fields": [
                    {
                        "name": "CODE",
                        "type": "string",
                        "format": "default"
                    },
                    {
                        "name": "LOINC",
                        "type": "string",
                        "format": "default"
                    },
                    {
                        "name": "UCUM_WERT",
                        "type": "string",
                        "format": "default"
                    },
                    {
                        "name": "QUELLE",
                        "type": "string",
                        "format": "default"
                    },
                    {
                        "name": "ETL_Staging",
                        "type": "string",
                        "format": "default"
                    }
                ],
                "missingValues": [
                    ""
                ]
            }
        }
    ]
}