{
    "profile": "tabular-data-package",
    "name": "mapping-swl-loinc",
    "title": "Mapping Swisslab/LOINC",
    "version": "1.0.0-alpha",
    "git-commit": "55f9f46f",
    "checksum": "931b7fc11ab04fd3cdf05b505d5ba145e135e580e3c4654a663df20f159ed06c",
    "created": "2021-08-31T01:07:09.640938+00:00",
    "resources": [
        {
            "path": "data/mapping_swl_loinc.csv",
            "profile": "tabular-data-resource",
            "name": "mapping_swl_loinc",
            "format": "csv",
            "mediatype": "text/csv",
            "encoding": "utf-8",
            "schema": {
                "fields": [
                    {
                        "name": "CODE",
                        "type": "string",
                        "format": "default"
                    },
                    {
                        "name": "LOINC",
                        "type": "string",
                        "format": "default"
                    },
                    {
                        "name": "UCUM_WERT",
                        "type": "string",
                        "format": "default"
                    },
                    {
                        "name": "QUELLE",
                        "type": "string",
                        "format": "default"
                    },
                    {
                        "name": "ETL_Staging",
                        "type": "string",
                        "format": "default"
                    }
                ],
                "missingValues": [
                    ""
                ]
            }
        }
    ]
}