{
    "profile": "tabular-data-package",
    "name": "mapping-swl-loinc",
    "title": "Mapping Swisslab/LOINC",
    "version": "1.0.0-alpha",
    "git-commit": "9fa7de13",
    "checksum": "eaa4948369d25c068d5d3fc96a17fbac3435b5d52a47891ad7ea31cd1f417bb2",
    "created": "2022-02-12T02:06:29.745167+00:00",
    "resources": [
        {
            "path": "data/mapping_swl_loinc.csv",
            "profile": "tabular-data-resource",
            "name": "mapping_swl_loinc",
            "format": "csv",
            "mediatype": "text/csv",
            "encoding": "utf-8",
            "schema": {
                "fields": [
                    {
                        "name": "CODE",
                        "type": "string",
                        "format": "default"
                    },
                    {
                        "name": "LOINC",
                        "type": "string",
                        "format": "default"
                    },
                    {
                        "name": "UCUM_WERT",
                        "type": "string",
                        "format": "default"
                    },
                    {
                        "name": "QUELLE",
                        "type": "string",
                        "format": "default"
                    },
                    {
                        "name": "ETL_Staging",
                        "type": "string",
                        "format": "default"
                    }
                ],
                "missingValues": [
                    ""
                ]
            }
        }
    ]
}