CODE,LOINC,UCUM_WERT,QUELLE,ETL_Staging
A1AN,6771-0,g/L,,
A1P,13978-2,%,,
A2P,13981-6,%,,
ABE-POCT,1925-7,mmol/L,Arteriell,
ABE-POCT,1927-3,mmol/L,Venoes,
ABE-POCT,1926-5,mmol/L,Kapillare,
ABE-POCT,19234-4,mmol/L,gemischtVenoes,
ABGG,16135-6,[arb'U]/mL,,
ABGM,16136-4,[arb'U]/mL,,
ACAG,8065-5,[arb'U]/mL,,
ACAM,8067-1,[arb'U]/mL,,
ACHR,20427-1,nmol/L,,
ACM,51658-3,,,
ACTH,2141-0,pg/mL,,
ACTH0,42598-3,pg/mL,,
ACTH15,56504-4,pg/mL,,
ACTH30,42596-7,pg/mL,,
ADAG,31714-9,,,
ADFT,39528-5,,,
ADH,3126-0,pg/mL,,
ADR,2230-1,pg/mL,,
ADR0,1464-7,pg/mL,,
ADR180,1463-9,pg/mL,,
AEO,30380-0,%,,
AERYT,26457-2,10*9/L,,
AFP,83073-7,ug/L,,
AFUG,7103-5,[arb'U]/mL,,
AFUM,5050-0,U/mL,,
AL,87482-6,ug/L,,
ALB,1751-7,g/L,,
ALBP,13980-8,%,,
ALDO,92896-0,ng/dL,,
ALDO0,27988-5,ng/dL,,
ALDO120,49326-2,ng/dL,,
ALDO180,57590-2,ng/dL,,
ALDO240,58899-6,ng/dL,,
ALDO60,15345-2,ng/dL,,
ALEUK,26468-9,10*6/L,,
ALT,1742-6,U/L,,
ALYM,29261-5,%,,
AMA,5247-2,{titer},,
AMA2,26054-7,,,
AMA4,34411-9,,,
AMHA,21259-7,{titer},,
AMIKFV,35669-1,ug/mL,,
AMIO,3330-8,mg/L,,
AMISU,85384-6,ug/L,,
AMIT,3333-2,ug/L,,
AMN,26495-2,%,,
AMUE,83104-0,ug/L,,
AMYL,1805-1,U/L,,
ANA,5048-4,{titer},,
ANDRO,1854-9,ug/L,,
ANIONGAP-POCT,73581-1,mmol/L,Arteriell,
ANIONGAP-POCT,73578-7,mmol/L,Venoes,
ANIONGAP-POCT,73580-3,mmol/L,Kapillare,
ANIONGAP-POCT,73579-5,mmol/L,gemischtVenoes,
ANIS,702-1,,,
AP,6768-6,U/L,,
APC,13590-5,{ratio},,
APG,53524-5,%,,
APHOS,32145-5,/[HPF],,
API,15014-4,%,,
APIXA,72608-3,mg/L,,
APK,15013-6,%,,
APL,15015-1,%,,
APMN,26520-7,%,,
APTT,14979-9,s,,
AQUAP,44794-6,{titer},,
ARGA,55363-6,mg/L,,
ARPP,38893-4,ug/L,,
ASPAG,44357-2,[arb'U]/mL,,
AST,1920-8,U/L,,
ASTI,16935-9,m[IU]/mL,,
ASTRPS,69938-9,,,
ATLYDa,30412-1,10*9/L,,
ATLYM,30413-9,%,,
ATLYR,30413-9,%,,
AXA,3274-8,[arb'U]/mL,,
AZEL,38259-8,10*6/L,,
B1,2998-3,ug/L,,
B12,14685-2,pmol/L,,
B2,6695-1,ug/L,,
B2GLA,44447-1,[arb'U]/mL,,
B2GLG,44448-9,[arb'U]/mL,,
B2GLM,44449-7,[arb'U]/mL,,
B2MI,83078-6,mg/L,,
B6,2900-9,ug/L,,
BAHG,6954-2,{titer},,
BAHM,6955-9,{titer},,
BAKTP,51480-2,/ul,,
BAKTS,5769-5,/[HPF],,
BASOd,30180-4,%,,
BBGL,14077-2,[arb'U]/mL,,
BBGS,5062-5,[arb'U]/mL,,
BBGW,6320-6,,,
BBML,22132-5,,,
BBMS,22135-8,,,
BBMW,6321-4,,,
BBPCR,4991-6,,,
BBXS,22128-3,,,
BC,15152-2,mg/dL,,
BEIMMF,32821-1,,,
BETAP,13982-4,%,,
BLAS,709-6,%,,
BLASa,708-8,10*9/L,,
BNP,30934-4,pg/mL,,
BOCFT,62424-7,,,
BOSM,18182-6,mosm/kg,,
BRIVA,88894-1,mg/L,,
BRUWSP,19053-8,{titer},,
BTUE,703-9,,,
C1IAG,4477-6,g/L,,
C1Q,4478-4,mg/L,,
C3,4485-9,g/L,,
C3DC,47217-5,ug/mL,,
C4,4498-2,g/L,,
CA,2000-8,mmol/L,,
CA++-POCT,34581-9,mmol/L,Arteriell,
CA++-POCT,41646-1,mmol/L,gemischtVenoes,
CA++-POCT,41644-6,mmol/L,Kapillare,
CA++-POCT,41645-3,mmol/L,Venoes,
CA12,83082-8,kU/L,,
CA15,83083-6,kU/L,,
BASOad,26444-0,10*9/L,,
CA19,83084-4,kU/L,,
CA72,17843-4,k[IU]/L,,
CAAG,5075-7,{titer},,
CAAKG,7174-6,[arb'U]/mL,,
CAAKM,27391-2,[arb'U]/mL,,
CAKA,30073-1,,,
CALx,82874-9,mg/L,,
CAMI,25363-3,{titer},,
CAMJ,25364-1,{titer},,
CANC,14277-8,{titer},,
CAOXS,25148-8,/[HPF],,
CARB,3432-2,mg/L,,
CARDA,5076-5,[APL'U],,
CARDM,3182-3,[MPL'U],,
CB2G,51812-6,[arb'U]/mL,,
CBBE,9642-0,%,,
CBIL,1968-7,mg/dL,,
CCP,32218-0,[arb'U]/mL,,
CD,5609-3,ug/L,,
CDTP,48495-6,%,,
CEA,83085-1,ug/L,,
CH50,4532-8,[arb'U]/mL,,
CHOL,2093-3,mg/dL,,
CK,2157-6,U/L,,
CKMB,32673-6,U/L,,
CL,2075-0,mmol/L,,
CL--POCT,41650-3,mmol/L,Arteriell,
CL--POCT,51590-8,mmol/L,Kapillare,
CL--POCT,41649-5,mmol/L,Venoes,
CLOBA,3487-6,ug/L,,
CLOMI,3491-8,ug/L,,
CLONA,3494-2,ug/L,,
CLOS,5079-9,{titer},,
CMA1,26019-0,%,,
CMA2,26020-8,%,,
CMBE,20569-0,%,,
CMEA,16718-9,,,
CMG,5124-3,[arb'U]/mL,,
CMGL,6921-1,[arb'U]/mL,,
CMME,9643-8,%,,
CMML,44817-5,[arb'U]/mL,,
CMPV,5000-5,,,
CMWG,22244-8,,,
CMWM,24119-0,,,
CMXS,13949-3,,,
COE,2064-4,g/L,,
COFF,3422-3,mg/L,,
COFT,41458-1,,,
COHB,20563-3,%,,
COHB-POCT,2030-5,%,Arteriell,
COHB-POCT,2031-3,%,Kapillare,
COHB-POCT,41648-7,%,gemischtVenoes,
COHB-POCT,2032-1,%,Venoes,
COR0,43215-3,ug/L,,
COR1,83088-5,ug/L,,
COR2,48098-8,ug/L,,
COR3,50431-6,ug/L,,
COR30,12566-6,ug/L,,
COR60,12567-4,ug/L,,
COTI,10365-5,ug/L,,
CPEP,1986-9,ug/L,,
CPEP0,57376-6,ug/L,,
CPEP120,13041-9,ug/L,,
CPEP150,13042-7,ug/L,,
CPEP180,13043-5,ug/L,,
CPEP240,27839-0,ug/L,,
CPEP30,13038-5,ug/L,,
CPEP300,13044-3,ug/L,,
CPEP360,13045-0,ug/L,,
CPEP60,13039-3,ug/L,,
CPEP90,13040-1,ug/L,,
CPPCR,34645-2,,,
CR,9690-9,ug/L,,
CROS,41171-0,ng/ml,,
CRP,1988-5,mg/L,,
CSA,3520-4,ug/L,,
CTN,1992-7,pg/mL,,
CU,22744-7,umol/L,,
CV2B,47402-3,,,
CYFR,25390-6,ug/L,,
CYSC,33863-2,mg/L,,
d1IgE,6096-2,k[IU]/L,,
d202IgE,63456-8,k[IU]/L,,
d203IgE,63457-6,k[IU]/L,,
d205IgE,63463-4,k[IU]/L,,
d2IgE,6095-4,k[IU]/L,,
DCA,1998-4,mmol/L,,
DCL,2071-9,mmol/L,,
DD,48065-7,mg/L{FEU},,
DEAM,6774-4,mg/L,,
DEO,57840-1,%,,
DGLU,2343-2,mg/dL,,
DHEA,2191-5,ug/dL,,
DHST,58885-5,mg/dL,,
DIAZ,3548-5,ug/L,,
DIGI,3559-2,ug/L,,
DIGO,10535-3,ug/L,,
DIM,48066-5,ug/L{DDU},,
DIPAT,5116-9,[IU]/mL,,
DIZA,39354-6,%,,
DLEUK,52817-4,10*6/L,,
DNA,2949-6,mmol/L,,
DNB,5133-4,[arb'U]/mL,,
DNS,34187-5,{titer},,
DOP,2216-0,pg/mL,,
DOP120,27348-2,pg/mL,,
DOP180,27363-1,pg/mL,,
DPHO,34938-1,mmol/L,,
DPMN,58801-2,%,,
DRERYT,26454-9,10*9/L,,
DRLEUK,805-2,10*6/L,,
DRPMN,12244-0,%,,
DTRO,637-9,,,
DULO,46227-5,ug/L,,
e2IgE,6099-6,k[IU]/L,,
e5IgE,6098-8,k[IU]/L,,
e91IgG,38368-7,mg/L,,
EBPC,32585-2,{copies}/mL,,
EBVA1,93840-7,[IU]/mL,,
ECHA,48359-4,{titer},,
ECHS,5149-0,{titer},,
ECP,25638-8,ug/L,,
ECTL,34405-1,ug/L,,
EJB,82392-2,,,
ELLIPT,11274-8,,,
EMN,29141-9,pg/mL,,
ENMN,2669-0,pg/mL,,
EOSa,711-2,10*9/L,,
EOSad,26449-9,10*9/L,,
EOSd,26450-7,%,,
EPO,15061-5,[IU]/L,,
EPZP,30383-4,/ul,,
ERY,789-8,10*12/L,,
EST,2243-4,ng/L,,
EST0,24414-5,ng/L,,
ESTF,2250-9,ng/mL,,
EVER,77349-9,ng/mL,,
EVFT,29591-5,,,
EVPCR,40991-2,,,
EZYLS,88970-9,/[LPF],,
F10,3218-5,%,,
F12,3232-6,%,,
F13,27815-0,%,,
f13IgE,6206-7,k[IU]/L,,
f14IgE,6248-9,k[IU]/L,,
f1IgE,6106-9,k[IU]/L,,
f2IgE,7258-7,k[IU]/L,,
f31IgE,6061-6,k[IU]/L,,
f352IgE,63477-4,k[IU]/L,,
f3IgE,6082-2,k[IU]/L,,
f422IgE,58779-0,k[IU]/L,,
f423IgE,58778-2,k[IU]/L,,
f424IgE,58777-4,k[IU]/L,,
f427IgE,64965-7,k[IU]/L,,
f49IgE,6021-0,k[IU]/L,,
f4IgE,6276-0,k[IU]/L,,
F5,3193-0,%,,
F506,11253-2,ug/L,,
F7,3198-9,%,,
f75IgE,6107-7,k[IU]/L,,
f76IgE,7445-0,k[IU]/L,,
f78IgE,6062-4,k[IU]/L,,
F8,3209-4,%,,
f85IgE,6065-7,k[IU]/L,,
FE,14798-3,umol/L,,
FeNa,49135-7,%,,
FER,20567-4,ug/L,,
FFS,15066-4,mmol/L,,
FIBC,3255-7,g/L,,
FIBIM,3256-5,g/L,,
FLT1,74756-8,pg/mL,,
FLT1Q,74757-6,,,
FLUO,3644-2,ug/L,,
FLUON,3868-7,ug/L,,
FLUOUN,10339-0,ug/L,,
FOL,14732-2,nmol/L,,
FRAG,800-3,,,
FSGL,69927-2,,,
FSGS,26062-0,[arb'U]/mL,,
FSH,15067-2,U/L,,
FSH0,32317-0,U/L,,
FSH60,21276-1,U/L,,
FSML,69924-9,,,
FSMS,69923-1,,,
FSXS,69926-4,,,
FT3,83126-3,pmol/L,,
FT30,65351-9,pmol/L,,
FT4,83121-4,pmol/L,,
FT40,14920-3,pmol/L,,
g-ACE,2742-5,U/L,,
g-HB-HP,721-1,g/L,,
g-TOBR,35670-9,ug/mL,,
g12IgE,6236-4,k[IU]/L,,
g6IgE,6265-3,k[IU]/L,,
GADB,81725-4,,,
GANC,15367-6,mg/L,,
GAST,2333-3,pg/mL,,
GAST10,16890-6,pg/mL,,
GAST15,16892-2,pg/mL,,
GAST2,42624-7,pg/mL,,
GAST20,16893-0,pg/mL,,
GAST30,16895-5,pg/mL,,
GAST5,16896-3,pg/mL,,
GBM,53259-8,{titer},,
GBME,30343-8,[arb'U]/mL,,
GBMN,59394-7,[arb'U]/mL,,
GENT,35668-3,mg/L,,
GF2,24475-6,,,
GFR,33914-3,mL/min/{1.73_m2},,
GGT,2324-2,U/L,,
GHCG,19080-1,U/L,,
GLDH,2367-1,U/L,,
GLIG,20496-6,[arb'U],,
GLU-POCT,41651-1,mg/dL,Arteriell,
GLU-POCT,32016-8,mg/dL,Kapillare,
GLU-POCT,41652-9,mg/dL,Venoes,
GLUC,2345-7,mg/dL,,
GLUC0,1547-9,mg/dL,,
GLUC270,40035-8,mg/dL,,
GLUC300,29331-6,mg/dL,,
GLUF120,12610-2,mg/dL,,
GLUF240,29330-8,mg/dL,,
GMTHFR1298,28060-2,,,
GP,13983-2,%,,
GP210B,56716-4,,,
GZYLS,46134-3,/[HPF],,
H6PCR,29495-9,,,
HAPT,4542-7,g/L,,
HB,718-7,g/L,,
HBA1,17856-6,%,,
HBA1c,59261-8,mmol/mol,,
HBBT,65633-0,,,
HBV,49360-1,[IU]/mL,,
HCB,31019-3,mg/L,,
HCBT,5199-5,,,
HCG,83086-9,U/L,,
HCPQ,49376-7,[IU]/mL,,
HCT-POCT,32354-3,%,Arteriell,
HCT-POCT,42908-4,%,Kapillare,
HCT-POCT,41655-2,%,gemischtVenoes,
HCT-POCT,41654-5,%,Venoes,
HCY,13965-9,umol/L,,
HDL,2085-9,mg/dL,,
HEFEP,51481-0,/uL,,
HEFES,5822-2,/[HPF],,
HEVG,56513-5,[arb'U]/mL,,
HEVM,83128-9,,,
HG,5685-3,ug/L,,
HGH,2963-7,ng/mL,,
HGH0,12253-1,ng/mL,,
HGH120,14144-0,ng/mL,,
HGH30,15347-8,ng/mL,,
HGH60,14146-5,ng/mL,,
HGH90,14147-3,ng/mL,,
HH6G,40730-4,,,
HH6GL,44520-5,,,
HH6M,40731-2,,,
HH6ML,42915-9,,,
HIS,43231-0,[arb'U]/mL,,
HK,20570-8,%,,
HMPFT,38917-1,,,
HOLO,72160-5,pmol/L,,
HS,3084-1,mg/dL,,
HS1P,16130-7,,,
HS2P,44484-4,,,
HSCRP,30522-7,mg/L,,
HSGL,16943-3,[arb'U]/mL,,
HSGS,52981-8,[arb'U]/mL,,
HSML,69921-5,,,
HSMS,40729-6,,,
HSRS,33031-6,/[LPF],,
HST,3091-6,mg/dL,,
HSXS,40728-8,,,
HU,13997-2,{titer},,
HUB,41769-1,,,
HYPO,728-6,,,
HZYLS,46135-0,/[HPF],,
i1IgE,6844-5,k[IU]/L,,
i3IgE,6740-5,k[IU]/L,,
IA2,56718-0,[arb'U]/mL,,
IAAG,48310-7,,,
IAALE,34487-9,,,
IAK,8074-7,[arb'U]/mL,,
IAPCR,38381-0,,,
IBAG,38382-8,,,
IBALE,40982-1,,,
IBAS,72265-2,{Index_val},,
IBIL,1971-1,mg/dL,,
ICA,56687-7,{titer},,
IFAK,56539-0,[arb'U]/mL,,
IGA,2458-8,g/L,,
IGA1,6886-6,g/L,,
IGA2,6939-3,g/L,,
IGE,83102-4,[IU]/L,,
IGF-1,2484-4,ng/mL,,
IGF10,49850-1,ug/L,,
IGF2,2485-1,ng/mL,,
IGF3,2483-6,ug/mL,,
IGG,2465-3,g/L,,
IGG1,2466-1,g/L,,
IGG2,2467-9,g/L,,
IGG3,2468-7,g/L,,
IGG4,2469-5,g/L,,
IGM,2472-9,g/L,,
IH1PCR,55465-9,,,
IL1B,13629-1,ug/l,,
IL2R,43171-8,kU/L,,
IL6,26881-3,pg/mL,,
IL8,33211-4,ng/L,,
IMGRad,53115-2,,,
IMGRd,71695-1,%,,
INHB,56940-0,ng/L,,
INOR,38875-1,{INR},,
INR,6301-6,{INR},,
INSU,20448-7,m[iU]/L,,
INSU0,56482-3,m[iU]/L,,
INSU10,47654-9,m[iU]/L,,
INSU120,47659-8,m[iU]/L,,
INSU150,27863-0,m[iU]/L,,
INSU180,27828-3,m[iU]/L,,
INSU20,27372-2,m[iU]/L,,
INSU210,30261-2,m[iU]/L,,
INSU240,29378-7,m[iU]/L,,
INSU30,27827-5,mU/mL,,
INSU300,27852-3,mU/mL,,
INSU40,27444-9,mU/mL,,
INSU5,57353-5,mU/mL,,
INSU60,27379-7,mU/mL,,
INSU90,27330-0,mU/mL,,
JCPCR,49412-0,{copies}/mL,,
JO1,5234-0,,,
JO1B,56731-3,,,
JOLL,7793-3,,,
K,2823-3,mmol/L,,
K+-POCT,32713-0,mmol/L,Arteriell,
K+-POCT,41656-0,mmol/L,gemischtVenoes,
K+-POCT,39790-1,mmol/L,Kapillare,
K+-POCT,39789-3,mmol/L,Venoes,
KAPPF,80515-0,mg/L,,
KLFQ,48378-4,{ratio},,
KREA,2160-0,mg/dL,,
KRISTP,51482-8,/uL,,
KU,69556-9,,,
LA,2524-7,mmol/L,,
LAC-POCT,2518-9,mmol/L,Arteriell,
LAC-POCT,2519-7,mmol/L,Venoes,
LAC-POCT,19239-3,mmol/L,Kapillare,
LAC-POCT,19240-1,mmol/L,gemischtVenoes,
LACE,12480-0,U/L,,
LACOS,59297-2,mg/L,,
LALB,1746-7,g/L,,
LAMBF,80516-8,mg/L,,
LAMO,6948-4,mg/L,,
LAUS,10333-3,,,
LC1B,56719-8,,,
LDH,14804-9,U/L,,
LDL,2089-1,mg/dL,,
LEGAGU,32781-7,,,
LEGAK1,32696-7,{titer},,
LEGAKG,43193-2,{titer},,
LEO,26451-5,%,,
LEPAKG,51815-9,[arb'U]/mL,,
LEPAKM,51819-1,[arb'U]/mL,,
LERYT,791-4,10*3/uL,,
LEU,6690-2,10*9/L,,
LEUKP,51487-7,/ul,,
LEUKS,5821-4,/[HPF],,
LEVE,30471-7,mg/L,,
LGLU,2342-4,mg/dL,,
LGRA,33963-0,%,,
LH,83103-2,[IU]/L,,
LH0,32328-7,m[IU]/mL,,
LH30,32326-1,m[IU]/mL,,
LI,14334-7,mmol/L,,
LIGA,2457-0,mg/dL,,
LIGG,2464-6,mg/dL,,
LIGM,2471-1,mg/dL,,
LIP,3040-3,U/L,,
LLAK,2520-5,mmol/L,,
LLDH,2528-8,U/L,,
LLYM,26492-9,%,,
LMWH,32684-3,[arb'U]/mL,,
LORA,3724-2,ng/mL,,
LPA,10835-7,mg/dL,,
LPMN,26517-3,%,,
LTC-HF,75374-9,%,,
LTP,2880-3,g/L,,
LYMPa,731-0,10^9/L,,
LYMPad,731-0,10^9/L,,
LYMPad,26474-7,10^9/L,,x
LYMPG,737-7,%,,
LYMPGa,732-8,10*9/L,,
LYMPGa,26474-7,10*9/L,,x
LZEL,52816-6,10*6/L,,
m2IgE,6075-6,k[IU]/L,,
m3IgE,6025-1,k[IU]/L,,
m3IgG,26954-8,mg/L,,
m6IgE,6020-2,k[IU]/L,,
MA2B,82423-5,,,
MAG,33394-8,{titer},,
MAGL,9566-1,[arb'U]/mL,,
MAGS,5244-9,[arb'U]/mL,,
MAKZ,738-5,,,
MAML,74417-7,,,
MAMS,35276-5,,,
MAXS,35275-7,,,
MCH,785-6,pg,,
MCHC,786-4,g/L,,
MCV,787-2,fL,,
MEGA,10376-2,,,
MEHB,2614-6,%,,
MELA,11055-1,pg/mL,,
MELSAL,78992-5,pg/mL,,
MEROFV,41406-0,mg/L,,
META,740-1,%,,
METAa,739-3,10*9/L,,
METH,14836-1,umol/L,,
METPH,3807-5,ug/L,,
MG,2601-3,mmol/L,,
MI2B,56743-8,,,
MIKZ,741-9,,,
MMS,2629-4,ug/L,,
MOG,91544-7,,,
MONOa,742-7,10*9/L,,
MONOad,743-5,10*9/L,,
MONOd,5905-5,%,Automat,
MONOd,744-3,%,Manuell,
MONOd,26485-3,%,,x
MPA,23905-3,mg/L,,
MPFT,29257-3,,,
MPO,29643-4,,,
MSCLOZ,6896-5,ug/L,,
MSCLOZM,10992-6,ug/L,,
MSOLZ,12389-3,ug/L,,
MUMS,6478-2,,,
MUXS,31503-6,{index_val},,
MYE,56629-9,{titer},,
MYEL,749-2,%,,
MYELa,748-4,10*9/L,,
MYPNA,26684-1,,,
MYPNG,5255-5,U/mL,,
MYPNM,5256-3,{Index_val},,
NA,2951-2,mmol/L,,
NA+-POCT,32717-1,mmol/L,Arteriell,
NA+-POCT,41657-8,mmol/L,gemischtVenoes,
NA+-POCT,39792-7,mmol/L,Kapillare,
NA+-POCT,39791-9,mmol/L,Venoes,
NEOP,9740-2,nmol/L,,
NEUTa,751-8,10*9/L,,
NEUTad,26499-4,10*9/L,,
NEUTd,26511-6,%,,
NH3,15149-8,umol/L,,
NHDLC,43396-1,mg/dL,,
NOR,2666-6,pg/mL,,
NORM,26461-4,%,,
NRBC,33990-3,/100{WBC},,
NRBCa,715-3,10*9/L,,
NSE,57371-7,ug/mL,,
NUK,34416-8,[arb'U]/mL,,
NVPCR,41035-7,,,
OLU,33264-3,mosm/kg,,
OSMO,2692-2,mosm/kg,,
OSTE,2697-1,ng/mL,,
P125,11210-2,[arb'U]/mL,,
P153,29153-4,[arb'U]/mL,,
P199,26924-1,[arb'U]/mL,,
P50(ACT)-POCT,19214-6,mm[Hg],Arteriell,
P50(ACT)-POCT,19216-1,mm[Hg],Venoes,
P50(ACT)-POCT,19215-3,mm[Hg],Kapillare,
P50(ACT)-POCT,19217-9,mm[Hg],gemischtVenoes,
P724,34161-0,[arb'U]/L,,
PA,3298-7,mg/L,,
PAFP,11207-8,ug/L,,
PALB,1747-5,g/dL,,
PAML,32298-2,U/L,,
PANC,14278-6,{titer},,
PANK,34406-9,{titer},,
PAP,15148-0,U/L,,
PB,5671-3,ug/L,,
PBGS,5273-8,[arb'U]/mL,,
PBIL,1974-5,mg/dL,,
PBMS,5274-6,[arb'U]/mL,,
PBPCR,9571-1,,,
PBZa,11130-2,10*9/L,,
PCAAK,5271-2,{titer},,
PCEA,12515-3,ug/L,,
PCHE,2098-2,U/L,,
PCHO,12183-0,mg/dL,,
PCO2(T)-POCT,32771-8,mm[Hg],Arteriell,
PCO2(T)-POCT,40619-9,mm[Hg],Venoes,
PCO2(T)-POCT,40620-7,mm[Hg],Kapillare,
PCO2(T)-POCT,50981-0,mm[Hg],gemischtVenoes,
PCO2(T)-POCT,47599-6,mm[Hg],Nabelschnurblut,
PCRP,16503-5,mg/L,,
PCT,75241-0,ug/L,,
PELA,25907-7,ug/g,,
PEO,30379-2,%,,
PERAKA,23830-3,[arb'U]/mL,,
PERAKG,23831-1,[arb'U],,
PERYT,794-8,10*3/uL,,
PGLU,2344-0,mg/dL,,
PGRA,74143-9,%,,
PH(T)-POCT,33254-4,[pH],Arteriell,
PH(T)-POCT,50980-2,[pH],gemischtVenoes,
PH(T)-POCT,39485-8,[pH],Kapillare,
PH(T)-POCT,39486-6,[pH],Venoes,
PHOS,14879-1,mmol/L,,
PHST,57392-3,mg/dL,,
PIVPCR,61365-3,,,
PL12B,56745-3,,,
PL7B,56744-6,,,
PLA,14165-5,mmol/L,,
PLAS,79426-3,%,,
PLASa,24103-4,10*3/uL,,
PLDH,32324-6,U/L,,
PLEPS,11277-1,/[HPF],,
PLEUK,26467-1,10*3/uL,,
PLIP,15212-4,U/L,,
PLYM,71697-7,%,,
PMN,26494-5,%,,
PNA,32340-2,mmol/L,,
PO2-POCT,2704-5,mm[Hg],Kapillare,
PO2-POCT,2705-2,mm[Hg],Venoes,
PO2-POCT,19211-2,mm[Hg],gemischtVenoes,
PO2-POCT,2703-7,mm[Hg],Arteriell,
POI,779-9,,,
POLY,10378-8,,,
PP,2721-9,pg/mL,,
PPMN,26519-9,%,,
PRIN,27882-0,pmol/L,,
PRL,20568-2,ug/L,,
PRO17,1668-3,ug/L,,
PRO3,63310-7,,,
PROG,83109-9,ug/L,,
PROMa,26523-1,10*3/uL,,
PSA,83112-3,ug/L,,
PSAF,83113-1,ug/L,,
PSAQ,12841-3,%,,
PTC-HF,30457-6,%,,
PTH,2731-8,ng/L,,
PTN,3968-5,mg/L,,
PTP,2881-1,g/L,,
PTRI,12228-3,mg/dL,,
PTT,3173-2,s,,
PVFT,60525-3,,,
PZEL,38258-0,,,
PZYLP,51483-6,/uL,,
QFPCR,23024-3,,,
QMA,53980-9,{titer},,
QUET,26776-5,ug/L,,
REN,35570-1,pg/mL,,
RETI,14196-0,10*3/uL,,
RF,15205-8,[IU]/mL,,
RHIFT,7993-9,,,
RI,13998-0,{titer},,
RIBL,33008-4,,,
RISP,9393-0,ug/L,,
RNP,53022-0,,,
ROHS,50694-9,{titer},,
ROMS,24116-6,,,
ROPS,17548-9,,,
RSVFT,30075-6,,,
RSVPCR,30075-6,,,
SAA,48498-0,mg/L,,
SARSL2,94500-6,,,
SBAR,10338-2,ug/L,,
SBC-POCT,19230-2,mmol/L,Arteriell,
SBC-POCT,19233-6,mmol/L,gemischtVenoes,
SBC-POCT,19231-0,mmol/L,Kapillare,
SBC-POCT,19232-8,mmol/L,Venoes,
SBE-POCT,19235-1,mmol/L,Arteriell,
SBE-POCT,19238-5,mmol/L,gemischtVenoes,
SBE-POCT,19236-9,mmol/L,Kapillare,
SBE-POCT,19237-7,mmol/L,Venoes,
SBEN,46977-5,ug/L,,
SBJ,25700-6,,,
SSCC,9679-2,ug/L,,
SCHLP,51478-6,/uL,,
SCHLS,46421-4,/[HPF],,
SCL70,5348-8,,,
SEG,769-0,%,,
SEGa,768-2,10*9/L,,
SERO,27057-9,ng/mL,,
SHBG,13967-5,nmol/L,,
SLA,32219-8,[arb'U]/mL,,
SM,26880-5,,,
SMA,5358-7,{titer},,
SO2-POCT,2708-6,%,Arteriell,
SO2-POCT,2711-0,%,Venoes,
SO2-POCT,2709-4,%,Kapillare,
SO2-POCT,19224-5,%,gemischtVenoes,
SSB,5353-8,,,
STAB,764-1,%,,
STABa,763-3,10*9/L,,
STAP,5366-0,[arb'U]/mL,,
STFR,30248-9,mg/L,,
STRE,5370-2,[IU]/L,,
t3IgE,15283-5,k[IU]/L,,
t4IgE,6136-6,k[IU]/L,,
TARZ,10381-2,,,
TBIL,1975-2,mg/dL,,
TBIL-POCT,89872-6,umol/L,Arteriell,
TESTO,83116-4,ug/L,,
TESTOF,2991-8,pg/mL,,
TFSA,2502-3,%,,
TG,3013-0,ng/mL,,
TGAK,56536-6,[arb'U]/mL,,
TGEM,5390-0,{Index_val},,
TGWF,38505-4,%,,
THB-POCT,30313-1,g/dL,Arteriell,
THB-POCT,30351-1,g/dL,gemischtVenoes,
THB-POCT,30352-9,g/dL,Kapillare,
THB-POCT,30350-3,g/dL,Venoes,
THRO,777-3,10*9/L,,
THZ,3243-3,s,,
TNFA,3074-2,ng/L,,
TNI,10839-9,ug/L,,
TNI+,89579-7,pg/mL,,
TOX,803-7,,,
TP,2885-2,g/L,,
TPOAK,56477-3,[IU]/mL,,
TPPA,22590-4,{titer},,
TPPAL,51475-2,{titer},,
TPZ,5894-1,%,,
TRAK,57416-0,U/L,,
TRAN,3034-6,g/L,,
TRI,2571-8,mg/dL,,
TRIPS,5814-9,,,
TRIZ,10552-8,ug/L,,
TRYP,21582-2,ug/L,,
TSH,3016-3,m[IU]/L,,
TTG,46128-5,[arb'U]/mL,,
UA1M,46723-3,mg/L,,
Ua1m,48414-7,mg/(24.h),,
UA1M-KR,48415-4,mg/g{creat},,
UADR,25908-5,nmol/L,,
Uadr,14712-4,nmol/(24.h),,
UAKQ,9318-7,mg/g{creat},,
UALB,21059-1,mg/L,,
Ualb,1755-8,mg/(24.h),,
UALBSP,1754-1,g/dL,,
UALD,31992-1,ug/L,,
UAML,1800-2,U/L,,
UAMP,19346-6,,,
UBAR,3377-9,,,
UBEN,3390-2,,,
UBIL,5770-3,,,
UCA,25362-5,mmol/L,,
Uca,14637-3,mmol/(24.h),,
UCAN,3427-2,,,
UCL,21194-6,mmol/L,,
Ucl,2079-2,mmol/(24.h),,
UCLSP,2078-4,mmol/L,,
UCOC,14314-9,,,
Ucor,14158-0,ug/(24.h),,
UDOP,25906-9,nmol/L,,
UERYP,798-9,/uL,,
UERYS,13945-1,/[HPF],,
UGLU,21305-8,mg/dL,,
Uglu,2351-5,g/(24.h),,
UHB,5794-3,,,
UHCG,2106-3,,,
UHIS,25971-3,umol/L,,
Uhis,14573-0,umol/(24.h),,
UHS,21587-1,mg/dL,,
Uhs,3087-4,g/(24.h),,
UHST,63481-6,mg/dL,,
Uhst,48999-7,g/(24.h),,
Uhva,14783-5,umol/(24.h),,
UIGG,47083-1,mg/L,,
Uigg,55923-7,mg/(24.h),,
UIGG-KR,33948-1,mg/g{creat},,
Uk,2829-0,mmol/(24.h),,
Ukre,2162-6,g/(24.h),,
ULEU,5799-2,,,
UMET,3773-9,,,
UMG,25954-9,mmol/L,,
Umg,2599-9,mmol/(24.h),,
UMN,25955-6,nmol/L,,
Umn,11140-1,nmol/(24.h),,
UNA,21525-1,mmol/L,,
Una,2956-1,mmol/(24.h),,
UNEO,47711-7,umol/mmol{creat},,
UNIT,5802-4,,,
UNMN,25964-8,nmol/L,,
Unmn,15083-9,nmol/d,,
UNOR,25963-0,nmol/L,,
Unor,14854-4,nmol/(24.h),,
UOP,3879-4,,,
UOSM,2694-8,mosm/kg,,
UPH,5803-2,[pH],,
UPHC,3936-2,,,
UPHO,25973-9,mmol/L,,
Upho,14881-7,mmol/(24.h),,
UPRO,2888-6,g/L,,
Upro,2889-4,g/(24.h),,
UPRO-KR,13801-6,mg/g{creat},,
URATS,46138-4,/[HPF],,
URO,13658-0,,,
USAM,9192-6,mL/(24.h),,
USg,50562-8,g/cm3,,
USG10,5811-5,,,
USGSU,2966-0,,,
USTD,13362-9,h,,
UTP,20454-5,,,
UVMA,26003-4,umol/L,,
Uvma,14947-6,umol/(24.h),,
UZ,25428-4,,,
V25D,1989-3,ug/L,,
VALP,4086-5,mg/L,,
VANC,20578-1,mg/L,,
VD25,1989-3,ug/L,,
VEN,9630-5,ug/L,,
VENM,9628-9,ug/L,,
VENUM,62849-5,ug/L,,
VITD,1990-1,ng/L,,
VITE,1823-4,ug/L,,
VITK,9622-2,ng/L,,
VZGL,58755-0,{Index_val},,
VZGS,8047-3,[arb'U]/mL,,
VZML,69930-6,,,
VZMS,21597-0,,,
VZP,47002-1,{copies}/mL,,
VZXS,19162-7,,,
w6IgE,6183-8,k[IU]/L,,
xUPOR,27382-1,ug/L,,
YEIGA,6964-1,[arb'U]/mL,,
YEIGG,6965-8,[arb'U]/mL,,
YEIGM,6966-6,[arb'U]/mL,,
YO,94702-8,{titer},,
ZYLP,53287-9,/uL,,
