CODE,LOINC,UCUM_WERT,QUELLE,ETL_Staging
5FUFV,3642-6,ug/mL,,
A1AN,6771-0,g/L,,
A1MI,48413-9,mg/L,,
A1P,13978-2,%,,
A2MA,1835-8,g/L,,
A2P,13981-6,%,,
ABE-POCT,1925-7,mmol/L,Arteriell,
ABE-POCT,1927-3,mmol/L,Venoes,
ABE-POCT,1926-5,mmol/L,Kapillare,
ABE-POCT,19234-4,mmol/L,gemischtVenoes,
ABGG,16135-6,[arb'U]/mL,,
ABGM,16136-4,[arb'U]/mL,,
ACAG,8065-5,[arb'U]/mL,,
ACAM,8067-1,[arb'U]/mL,,
ACHR,20427-1,nmol/L,,
ACIC,9416-9,ug/mL,,
ACM,51658-3,,,
ACR,52750-7,,,
ACTH,2141-0,pg/mL,,
ACTH0,42598-3,pg/mL,,
ACTH120,56506-9,pg/mL,,
ACTH15,56504-4,pg/mL,,
ACTH30,42596-7,pg/mL,,
ACTH60,42599-1,pg/mL,,
ACTH90,42597-5,pg/mL,,
ADAG,31714-9,,,
ADAL,74117-3,ug/mL,,
ADFT,39528-5,,,
ADH,3126-0,pg/mL,,
ADR,2230-1,pg/mL,,
ADR0,1464-7,pg/mL,,
ADR120,1462-1,pg/mL,,
ADR180,1463-9,pg/mL,,
ADR60,1461-3,pg/mL,,
AEO,30380-0,%,,
AERYT,26457-2,10*9/L,,
AFP,83073-7,ug/L,,
AFUG,7103-5,[arb'U]/mL,,
AFUM,5050-0,U/mL,,
AH50,74520-8,%,,
AL,87482-6,ug/L,,
ALB,1751-7,g/L,,
ALBP,13980-8,%,,
ALDO,92896-0,ng/dL,,
ALDO0,27988-5,ng/dL,,
ALDO120,49326-2,ng/dL,,
ALDO180,57590-2,ng/dL,,
ALDO240,58899-6,ng/dL,,
ALDO60,15345-2,ng/dL,,
ALEUK,26468-9,10*6/L,,
ALT,1742-6,U/L,,
ALYM,29261-5,%,,
AMA,5247-2,{titer},,
AMA2,26054-7,,,
AMA4,34411-9,,,
AMA9FV,34412-7,,,
AMHA,21259-7,{titer},,
AMIKFV,35669-1,ug/mL,,
AMIO,3330-8,mg/L,,
AMISU,85384-6,ug/L,,
AMIT,3333-2,ug/L,,
AMN,26495-2,%,,
AMUE,83104-0,ug/L,,
AMYL,1805-1,U/L,,
ANA,5048-4,{titer},,
ANDRO,1854-9,ug/L,,
ANIONGAP-POCT,73581-1,mmol/L,Arteriell,
ANIONGAP-POCT,73578-7,mmol/L,Venoes,
ANIONGAP-POCT,73580-3,mmol/L,Kapillare,
ANIONGAP-POCT,73579-5,mmol/L,gemischtVenoes,
ANIS,702-1,,,
ANNA3,90836-8,,,
AP,6768-6,U/L,,
APC,13590-5,{ratio},,
APG,53524-5,%,,
APHOS,32145-5,/[HPF],,
API,15014-4,%,,
APIXA,72608-3,mg/L,,
APK,15013-6,%,,
APL,15015-1,%,,
APMN,26520-7,%,,
APTT,14979-9,s,,
AQUAP,44794-6,{titer},,
ARGA,55363-6,mg/L,,
ARPP,38893-4,ug/L,,
ASPAG,44357-2,[arb'U]/mL,,
AST,1920-8,U/L,,
ASTI,16935-9,m[IU]/mL,,
ASTRPS,69938-9,,,
ATLYD,29261-5,%,Mikroskop,
ATLYDa,30412-1,10*9/L,,
ATLYM,30413-9,%,,
ATLYR,30413-9,%,,
ATLYR,29261-5,%,Mikroskop,
ATLYRa,30412-1,10*9/L,,
ATLYRa,29262-3,10*9/L,Mikroskop,
AXA,3274-8,[arb'U]/mL,,
AZA,11242-5,ng/mL,,
AZEL,38259-8,10*6/L,,
B1,2998-3,ug/L,,
B12,14685-2,pmol/L,,
B2,6695-1,ug/L,,
B2GLA,44447-1,[arb'U]/mL,,
B2GLG,44448-9,[arb'U]/mL,,
B2GLM,44449-7,[arb'U]/mL,,
B2MI,83078-6,mg/L,,
B6,2900-9,ug/L,,
BABY,2118-8,,,
BAC,9353-4,ug/mL,,
BAHG,6954-2,{titer},,
BAHM,6955-9,{titer},,
BAKTP,51480-2,/ul,,
BAKTS,5769-5,/[HPF],,
BAQG,44827-4,{titer},,
BAQM,44825-8,{titer},,
BASOd,30180-4,%,,
BASOd,706-2,%,Automat,
BBGL,14077-2,[arb'U]/mL,,
BBGS,5062-5,[arb'U]/mL,,
BBGW,6320-6,,,
BBGWL,13202-7,,,
BBML,22132-5,,,
BBMS,22135-8,,,
BBMW,6321-4,,,
BBPCR,4991-6,,,
BBXS,22128-3,,,
BC,15152-2,mg/dL,,
BEIMMF,32821-1,,,
BENP,78968-5,ng/mL,,
BETAP,13982-4,%,,
BLAS,709-6,%,Mikroskop,
BLASa,708-8,10*9/L,Mikroskop,
BNP,30934-4,pg/mL,,
BOCFT,62424-7,,,
BOSM,18182-6,mosm/kg,,
BPI,53013-9,,,
BRIVA,88894-1,mg/L,,
BRO,1984-4,mg/dL,,
BROMA,3405-8,ng/mL,,
BRUWSP,19053-8,{titer},,
BTUE,703-9,,,
BUPR,6706-6,ug/L,,
BURST,43292-2,%,,
C1IAG,4477-6,g/L,,
c1IgE,6851-0,k[IU]/L,,
C1Q,4478-4,mg/L,,
C1QC,42639-5,[arb'U]/mL,,
c202IgE,11201-1,k[IU]/L,,
c203IgE,6712-4,k[IU]/L,,
c2IgE,6210-9,k[IU]/L,,
C3,4485-9,g/L,,
C3DC,47217-5,ug/mL,,
C4,4498-2,g/L,,
c6IgE,6829-6,k[IU]/L,,
c7IgE,19733-5,k[IU]/L,,
c8IgE,66717-0,k[IU]/L,,
CA,2000-8,mmol/L,,
CA++-POCT,34581-9,mmol/L,Arteriell,
CA++-POCT,41646-1,mmol/L,gemischtVenoes,
CA++-POCT,41644-6,mmol/L,Kapillare,
CA++-POCT,41645-3,mmol/L,Venoes,
CA12,83082-8,kU/L,,
CA15,83083-6,kU/L,,
BASOad,26444-0,10*9/L,,
BASOad,704-7,10*9/L,Automat,
CA19,83084-4,kU/L,,
CA50,34256-8,[arb'U]/mL,,
CA72,17843-4,k[IU]/L,,
CAAG,5075-7,{titer},,
CAAKG,7174-6,[arb'U]/mL,,
CAAKM,27391-2,[arb'U]/mL,,
CAKA,30073-1,,,
CALx,82874-9,mg/L,,
CAMI,25363-3,{titer},,
CAMJ,25364-1,{titer},,
CANC,14277-8,{titer},,
CAOXS,25148-8,/[HPF],,
CARB,3432-2,mg/L,,
CARBE,9415-1,mg/L,,
CARDA,5076-5,[APL'U],,
CARDM,3182-3,[MPL'U],,
CB1G,48720-7,,,
CB2G,51812-6,[arb'U]/mL,,
CB2M,29773-9,,,
CBBE,9642-0,%,,
CBIL,1968-7,mg/dL,,
CCP,32218-0,[arb'U]/mL,,
CD,5609-3,ug/L,,
CDTP,48495-6,%,,
CEA,83085-1,ug/L,,
CEFE,38363-8,mg/L,,
CEFTA,3449-6,mg/L,,
CERO,30197-8,umol/L,,
CFN,2280-6,ug/mL,,
CH100,13088-0,kU/l,,
CH50,4532-8,[arb'U]/mL,,
CHIN,6694-4,,,
CHLORD,3457-9,mg/dL,,
CHOL,2093-3,mg/dL,,
CHYM,25375-7,U/g,,
CK,2157-6,U/L,,
CKMB,32673-6,U/L,,
CL,2075-0,mmol/L,,
CL--POCT,41650-3,mmol/L,Arteriell,
CL--POCT,51590-8,mmol/L,Kapillare,
CL--POCT,41649-5,mmol/L,Venoes,
CLINDA,3486-8,mg/L,,
CLOBA,3487-6,ug/L,,
CLOMI,3491-8,ug/L,,
CLONA,3494-2,ug/L,,
CLOS,5079-9,{titer},,
CLOZA,6896-5,ug/L,,
CMA1,26019-0,%,,
CMA2,26020-8,%,,
CMBE,20569-0,%,,
CMEA,16718-9,,,
CMG,5124-3,[arb'U]/mL,,
CMGL,6921-1,[arb'U]/mL,,
CMME,9643-8,%,,
CMML,44817-5,[arb'U]/mL,,
CMPV,5000-5,,,
CMWG,22244-8,,,
CMWM,24119-0,,,
CMXS,13949-3,,,
COE,2064-4,g/L,,
COFF,3422-3,mg/L,,
COFT,41458-1,,,
COHB,20563-3,%,,
COHB-POCT,2030-5,%,Arteriell,
COHB-POCT,2031-3,%,Kapillare,
COHB-POCT,41648-7,%,gemischtVenoes,
COHB-POCT,2032-1,%,Venoes,
COR0,43215-3,ug/L,,
COR1,83088-5,ug/L,,
COR2,48098-8,ug/L,,
COR3,50431-6,ug/L,,
COR30,12566-6,ug/L,,
COR60,12567-4,ug/L,,
COTI,10365-5,ug/L,,
CPEP,1986-9,ug/L,,
CPEP0,57376-6,ug/L,,
CPEP120,13041-9,ug/L,,
CPEP150,13042-7,ug/L,,
CPEP180,13043-5,ug/L,,
CPEP240,27839-0,ug/L,,
CPEP30,13038-5,ug/L,,
CPEP300,13044-3,ug/L,,
CPEP360,13045-0,ug/L,,
CPEP5,58841-8,ug/L,,
CPEP60,13039-3,ug/L,,
CPEP90,13040-1,ug/L,,
CPGS,51806-8,[arb'U]/mL,,
CPMS,51807-6,[arb'U]/mL,,
CPPCR,34645-2,,,
CR,9690-9,ug/L,,
CROS,41171-0,ng/ml,,
CRP,1988-5,mg/L,,
CSA,3520-4,ug/L,,
CSAMS,55805-6,ug/L,,
CTL,34635-3,ug/L,,
CTN,1992-7,pg/mL,,
CU,22744-7,umol/L,,
CUFV,20778-7,ug/dL,,
CV2B,47402-3,,,
CYFR,25390-6,ug/L,,
CYSC,33863-2,mg/L,,
d1IgE,6096-2,k[IU]/L,,
d1IgG,81772-6,mg/L,,
d202IgE,63456-8,k[IU]/L,,
d203IgE,63457-6,k[IU]/L,,
d205IgE,63463-4,k[IU]/L,,
d2IgE,6095-4,k[IU]/L,,
d2IgG,63075-6,mg/L,,
d2IgG4,56241-3,mg/L,,
d3IgE,14036-8,k[IU]/L,,
d70IgE,6254-7,k[IU]/L,,
d71IgE,6160-6,k[IU]/L,,
d72IgE,6256-2,k[IU]/L,,
d73IgE,6126-7,k[IU]/L,,
DCA,1998-4,mmol/L,,
DCL,2071-9,mmol/L,,
DD,48065-7,mg/L{FEU},,
DEAM,6774-4,mg/L,,
DENG,29661-6,,,
DENM,29663-2,,,
DEO,57840-1,%,,
DGLU,2343-2,mg/dL,,
DHEA,2191-5,ug/dL,,
DHST,58885-5,mg/dL,,
DIAZ,3548-5,ug/L,,
DIGI,3559-2,ug/L,,
DIGO,10535-3,ug/L,,
DIM,48066-5,ug/L{DDU},,
DIPAT,5116-9,[IU]/mL,,
DIZA,39354-6,%,,
DLEUK,52817-4,10*6/L,,
DLYM,58802-0,%,,
DNA,2949-6,mmol/L,,
DNB,5133-4,[arb'U]/mL,,
DNS,34187-5,{titer},,
DOP,2216-0,pg/mL,,
DOP120,27348-2,pg/mL,,
DOP180,27363-1,pg/mL,,
DOX,3579-0,ug/L,,
DPHM,3570-9,ug/L,,
DPHO,34938-1,mmol/L,,
DPMN,58801-2,%,,
DRERYT,26454-9,10*9/L,,
DRLEUK,805-2,10*6/L,,
DRPMN,12244-0,%,,
DTRO,637-9,,,
DULO,46227-5,ug/L,,
e101IgE,58773-3,k[IU]/L,,
e102IgE,58772-5,k[IU]/L,,
e201IgG,58916-8,mg/L,,
e204IgE,10922-3,k[IU]/L,,
e205IgE,10935-5,k[IU]/L,,
e206IgE,10960-3,k[IU]/L,,
e211IgE,10961-1,k[IU]/L,,
e212IgE,10952-0,k[IU]/L,,
e213IgG,58913-5,mg/L,,
e215IgG,58912-7,mg/L,,
e218IgE,19734-3,k[IU]/L,,
e219IgE,6836-1,k[IU]/L,,
e219IgG,35532-1,mg/L,,
e220IgE,19732-7,k[IU]/L,,
e222IgE,19759-0,k[IU]/L,,
e226IgE,64973-1,k[IU]/L,,
e227IgE,81978-9,,,
e2IgE,6099-6,k[IU]/L,,
e3IgE,7419-5,k[IU]/L,,
e4IgE,7257-9,k[IU]/L,,
e5IgE,6098-8,k[IU]/L,,
e5IgG,63077-2,mg/L,,
e6IgE,6134-1,k[IU]/L,,
e70IgE,6100-2,k[IU]/L,,
e70IgG,81785-8,mg/L,,
e72IgE,6181-2,k[IU]/L,,
e74IgE,6226-5,k[IU]/L,,
e77IgE,6304-0,k[IU]/L,,
e78IgE,6030-1,k[IU]/L,,
e79IgE,6031-9,k[IU]/L,,
e79IgG,78385-2,mg/L,,
e7IgE,6217-4,k[IU]/L,,
e80IgE,6127-5,k[IU]/L,,
e81IgE,6243-0,k[IU]/L,,
e82IgE,6223-2,k[IU]/L,,
e82IgG,63113-5,mg/L,,
e83IgE,6262-0,k[IU]/L,,
e84IgE,6135-8,k[IU]/L,,
e85IgE,40879-9,k[IU]/L,,
e85IgG,7224-9,k[IU]/L,,
e86IgE,6101-0,k[IU]/L,,
e87IgE,19753-3,k[IU]/L,,
e88IgE,19751-7,k[IU]/L,,
e90IgG,78385-2,mg/L,,
e91IgG,38368-7,mg/L,,
e92IgG,78368-8,mg/L,,
e93IgG,97651-4,mg/L,,
e94IgE,78384-5,k[IU]/L,,
EBPC,32585-2,{copies}/mL,,
EBVA1,93840-7,[IU]/mL,,
ECHA,48359-4,{titer},,
ECHL,58759-2,{titer},,
ECHS,5149-0,{titer},,
ECP,25638-8,ug/L,,
ECTL,34405-1,ug/L,,
EDOX,95128-5,mg/L,,
EJB,82392-2,,,
ELLIPT,11274-8,,,
EMAKA,10362-2,,,
EMAKG,39554-1,,,
EMN,29141-9,pg/mL,,
ENMN,2669-0,pg/mL,,
EOSa,711-2,10*9/L,Automat,
EOSad,26449-9,10*9/L,,
EOSad,711-2,10*9/L,Automat,
EOSd,26450-7,%,,
EOSd,713-8,%,Automat,
EPO,15061-5,[IU]/L,,
EPROBNP,71425-3,pg/mL,,
EPZP,30383-4,/ul,,
ERY,789-8,10*12/L,,
EST,2243-4,ng/L,,
EST0,24414-5,ng/L,,
ESTF,2250-9,ng/mL,,
ETHA,3607-9,mg/L,,
ETX,3616-0,mg/L,,
EVCE,29591-5,,,
EVER,77349-9,ng/mL,,
EVFT,29591-5,,,
EVPCR,40991-2,,,
ex71IgE,72279-3,k[IU]/L,,
ex71IgG,38361-2,mg/L,,
EZYLS,88970-9,/[LPF],,
F10,3218-5,%,,
f10IgE,6242-2,,,
F12,3232-6,%,,
f124IgE,33002-7,k[IU]/L,,
f12IgE,6204-2,k[IU]/L,,
F13,27815-0,%,,
f13IgE,6206-7,k[IU]/L,,
f14IgE,6248-9,k[IU]/L,,
f15IgE,6279-4,k[IU]/L,,
f17IgE,6136-6,k[IU]/L,,
f18IgE,6050-9,k[IU]/L,,
f1IgE,6106-9,k[IU]/L,,
F2,3289-6,%,,
f201IgE,6208-3,k[IU]/L,,
f202IgE,6718-1,k[IU]/L,,
f203IgE,7613-3,k[IU]/L,,
f204IgE,6268-7,k[IU]/L,,
f205IgE,6139-0,k[IU]/L,,
f206IgE,7474-0,k[IU]/L,,
f208IgE,6159-8,k[IU]/L,,
f209IgE,6131-7,k[IU]/L,,
f20IgE,6019-4,k[IU]/L,,
f210IgE,6218-2,k[IU]/L,,
f212IgE,6848-6,k[IU]/L,,
f214IgE,6856-9,k[IU]/L,,
f218IgE,7563-0,k[IU]/L,,
f221IgE,6083-0,k[IU]/L,,
f224IgE,7623-2,k[IU]/L,,
f225IgE,6854-4,k[IU]/L,,
f231IgE,10940-5,k[IU]/L,,
f232IgE,7556-4,k[IU]/L,,
f233IgE,7557-2,k[IU]/L,,
f235IgE,7458-3,k[IU]/L,,
f23IgE,6092-1,k[IU]/L,,
f242IgE,6719-9,k[IU]/L,,
f245IgE,7291-8,k[IU]/L,,
f245IgG,45201-1,mg/L,,
f247IgE,7412-0,k[IU]/L,,
f24IgE,6246-3,k[IU]/L,,
f253IgE,10954-6,k[IU]/L,,
f254IgE,10959-5,k[IU]/L,,
f256IgE,7765-1,k[IU]/L,,
f258IgE,10944-7,k[IU]/L,,
f25IgE,6266-1,k[IU]/L,,
f260IgE,6052-5,k[IU]/L,,
f262IgE,7296-7,k[IU]/L,,
f263IgE,6852-8,k[IU]/L,,
f266IgE,15280-1,k[IU]/L,,
f269IgE,7118-3,k[IU]/L,,
f26IgE,6219-0,k[IU]/L,,
f271IgE,7081-3,k[IU]/L,,
f272IgE,11202-9,k[IU]/L,,
f273IgE,7737-0,k[IU]/L,,
f274IgE,10937-1,k[IU]/L,,
f275IgE,15278-5,k[IU]/L,,
f276IgE,10928-0,k[IU]/L,,
f279IgE,7591-1,k[IU]/L,,
f27IgE,6039-2,k[IU]/L,,
f280IgE,6045-9,k[IU]/L,,
f281IgE,7270-2,k[IU]/L,,
f285IgE,10927-2,k[IU]/L,,
f288IgE,7152-2,k[IU]/L,,
f291IgE,6835-3,k[IU]/L,,
f299IgE,6259-6,k[IU]/L,,
f2IgE,7258-7,k[IU]/L,,
f2IgG,35539-6,mg/L,,
f302IgE,7731-3,k[IU]/L,,
f315IgE,6831-2,k[IU]/L,,
f316IgE,11195-5,k[IU]/L,,
f31IgE,6061-6,k[IU]/L,,
f320IgE,7265-2,k[IU]/L,,
f323IgE,58807-9,k[IU]/L,,
f324IgE,6141-6,k[IU]/L,,
f325IgE,19756-6,k[IU]/L,,
f328IgE,11173-2,k[IU]/L,,
f329IgE,7770-1,k[IU]/L,,
f333IgE,98045-8,k[IU]/L,,
f335IgE,50650-1,k[IU]/L,,
f33IgE,6194-5,k[IU]/L,,
f343IgE,7656-2,k[IU]/L,,
f345IgE,11183-1,k[IU]/L,,
f351IgE,58986-1,k[IU]/L,,
f352IgE,63477-4,k[IU]/L,,
f353IgE,63476-6,k[IU]/L,,
f354IgE,64963-2,k[IU]/L,,
f355IgE,21143-3,k[IU]/L,,
f35IgE,6220-8,k[IU]/L,,
f36IgE,6081-4,k[IU]/L,,
f3IgE,6082-2,k[IU]/L,,
f40IgE,6270-3,k[IU]/L,,
f413IgE,11191-4,k[IU]/L,,
f416IgE,58752-7,k[IU]/L,,
f419IgE,58776-6,k[IU]/L,,
f41IgE,6237-2,k[IU]/L,,
f420IgE,59391-3,k[IU]/L,,
f421IgE,58775-8,k[IU]/L,,
f422IgE,58779-0,k[IU]/L,,
f423IgE,58778-2,k[IU]/L,,
f424IgE,58777-4,k[IU]/L,,
f425IgE,58753-5,k[IU]/L,,
f426IgE,63473-3,k[IU]/L,,
f427IgE,64965-7,k[IU]/L,,
f428IgE,69421-6,k[IU]/L,,
f431IgE,73719-7,k[IU]/L,,
f432IgE,65772-6,k[IU]/L,,
f439IgE,81788-2,k[IU]/L,,
f441IgE,81790-8,k[IU]/L,,
f442IgE,81789-0,k[IU]/L,,
f443IgE,82539-8,k[IU]/L,,
f44IgE,6257-0,k[IU]/L,,
f45IgE,6287-7,k[IU]/L,,
f47IgE,6122-6,k[IU]/L,,
f48IgE,6193-7,k[IU]/L,,
f49IgE,6021-0,k[IU]/L,,
f4IgE,21603-6,k[IU]/L,,
F5,3193-0,%,,
F506,11253-2,ug/L,,
F506MS,74097-7,ug/L,,
f56IgE,11186-4,k[IU]/L,,
f5IgE,7674-5,k[IU]/L,,
f5IgG,51933-0,mg/L,,
F7,3198-9,%,,
f75IgE,6107-7,k[IU]/L,,
f76IgE,7445-0,k[IU]/L,,
f77IgE,11177-3,k[IU]/L,,
f78IgE,6062-4,k[IU]/L,,
f79IgE,6125-9,k[IU]/L,,
F8,3209-4,%,,
f83IgE,6071-5,k[IU]/L,,
f84IgE,6154-9,k[IU]/L,,
f85IgE,6065-7,k[IU]/L,,
f87IgE,57884-9,k[IU]/L,,
f88IgE,6155-6,k[IU]/L,,
f89IgE,6185-3,k[IU]/L,,
f8IgE,6087-1,k[IU]/L,,
f92IgE,6035-0,k[IU]/L,,
f93IgE,6080-6,k[IU]/L,,
f94IgE,6207-5,k[IU]/L,,
f95IgE,6205-9,k[IU]/L,,
f9IgE,6230-7,k[IU]/L,,
FBR,48664-7,g/L,,
FE,14798-3,umol/L,,
FeNa,49135-7,%,,
FER,20567-4,ug/L,,
FFS,15066-4,mmol/L,,
FGF23,46699-5,[arb'U]/mL,,
FHB,721-1,mg/L,,
FIBC,3255-7,g/L,,
FIBIM,3256-5,g/L,,
FIM,40702-3,,,
FLEC,3638-4,mg/L,,
FLM,47226-6,,,
FLT1,74756-8,pg/mL,,
FLT1Q,74757-6,,,
FLUCY,3639-2,mg/L,,
FLUNI,23864-2,ug/L,,
FLUO,3644-2,ug/L,,
FLUON,3868-7,ug/L,,
FLUOUN,10339-0,ug/L,,
FLUP,34305-3,ug/L,,
FLURA,3653-3,ug/L,,
FLUVO,10988-4,ug/L,,
FNC,2280-6,g/L,,
FOL,14732-2,nmol/L,,
FONDA,74217-1,mg/L,,
FRAG,800-3,,,
Fruk,15069-8,umol/L,,
FSGL,69927-2,,,
FSGS,26062-0,[arb'U]/mL,,
FSH,15067-2,U/L,,
FSH0,32317-0,U/L,,
FSH30,32316-2,U/L,,
FSH60,21276-1,U/L,,
FSML,69924-9,,,
FSMS,69923-1,,,
FSXS,69926-4,,,
FT3,83126-3,pmol/L,,
FT30,65351-9,pmol/L,,
FT3120,40295-8,pmol/L,,
FT4,83121-4,pmol/L,,
FT40,14920-3,pmol/L,,
FURO,3659-0,ug/mL,,
fx15IgE,69958-7,k[IU]/L,,
fx1IgE,46708-4,k[IU]/L,,
fx70IgE,73712-2,k[IU]/L,,
fx71IgE,73714-8,k[IU]/L,,
fx72IgE,82074-6,k[IU]/L,,
g-ACE,2742-5,U/L,,
g-DDI,48067-3,ug/mL{FEU},,
g-GALS,14628-2,umol/L,,
g-HB-HP,721-1,g/L,,
g-HBDH-S,1677-4,U/L,,
g-HBFZ,4633-4,%,,
g-TOBR,35670-9,ug/mL,,
g12IgE,6236-4,k[IU]/L,,
g14IgE,6190-3,k[IU]/L,,
g15IgE,6276-0,k[IU]/L,,
g1IgE,6261-2,k[IU]/L,,
g201IgE,6037-6,k[IU]/L,,
g205IgE,30994-8,k[IU]/L,,
g211IgE,31000-3,k[IU]/L,,
g214IgE,34430-9,k[IU]/L,,
g215IgE,58981-2,k[IU]/L,,
g4IgE,6169-7,k[IU]/L,,
g6IgE,6265-3,k[IU]/L,,
g6IgG4,56403-9,mg/L,,
G6PDE,49502-8,U/10*12{cells},,
GABA,9738-6,mg/L,,
GABR,95602-9,{titer},,
GADB,81725-4,,,
GAMY,1798-8,U/L,,
GANC,15367-6,mg/L,,
GAST,2333-3,pg/mL,,
GAST0,59831-8,pg/mL,,
GAST10,16890-6,pg/mL,,
GAST120,29391-0,pg/mL,,
GAST15,16892-2,pg/mL,,
GAST150,29394-4,pg/mL,,
GAST180,29393-6,pg/mL,,
GAST2,42624-7,pg/mL,,
GAST20,16893-0,pg/mL,,
GAST30,16895-5,pg/mL,,
GAST5,16896-3,pg/mL,,
GAST60,29392-8,pg/mL,,
GAST90,29396-9,pg/mL,,
GBM,53259-8,{titer},,
GBME,30343-8,[arb'U]/mL,,
GBMN,59394-7,[arb'U]/mL,,
GD1aG,57968-0,,,
GD1aM,57969-8,,,
GD1bG,56739-6,,,
GD1bGAM,26926-6,,,
GD1bGF,94868-7,,,
GD1bM,56740-4,,,
GD1bMF,94870-3,,,
GENT,35668-3,mg/L,,
GF2,24475-6,,,
GFR,33914-3,mL/min/{1.73_m2},,
GGT,2324-2,U/L,,
GHCG,19080-1,U/L,,
GILAG,41154-6,,,
GLDH,2367-1,U/L,,
GLIG,20496-6,[arb'U],,
GLU-POCT,41651-1,mg/dL,Arteriell,
GLU-POCT,32016-8,mg/dL,Kapillare,
GLU-POCT,41652-9,mg/dL,Venoes,
GLUC,2345-7,mg/dL,,
GLUC0,1547-9,mg/dL,,
GLUC120,12610-2,mg/dL,,
GLUC15,12639-1,mg/dL,,
GLUC150,29332-4,mg/dL,,
GLUC180,18342-6,mg/dL,,
GLUC20,12655-7,mg/dL,,
GLUC210,29329-0,mg/dL,,
GLUC240,29330-8,mg/dL,,
GLUC270,40035-8,mg/dL,,
GLUC30,40263-6,mg/dL,,
GLUC300,29331-6,mg/dL,,
GLUC360,29412-4,mg/dL,,
GLUC40,12657-3,mg/dL,,
GLUC45,21309-0,mg/dL,,
GLUC480,12643-3,mg/dL,,
GLUC5,40001-0,mg/dL,,
GLUC60,12646-6,mg/dL,,
GLUC75,21310-8,mg/dL,,
GLUC90,40003-6,mg/dL,,
GLUCM10,12651-6,mg/dL,,
GLUCM30,39998-0,mg/dL,,
GLUCM5,40000-2,1970-02-01 00:00:00,,
GLUF,1547-9,mg/dL,,
GLUF120,12610-2,mg/dL,,
GLUF150,29332-4,mg/dL,,
GLUF180,18342-6,mg/dL,,
GLUF240,29330-8,,,
GLUF30,40263-6,mg/dL,,
GLUF300,29331-6,mg/dL,,
GLUF360,29412-4,mg/dL,,
GLUF480,12643-3,mg/dL,,
GLUF60,12646-6,mg/dL,,
GLUF90,40003-6,mg/dL,,
GLYC,95720-9,{titer},,
GM1G,63243-0,,,
GM1GF,63243-0,,,
GM1M,63247-1,,,
GM1MF,63247-1,,,
GM2G,63248-9,,,
GM2M,63250-5,,,
GM3G,63251-3,,,
GM3M,63253-9,,,
GMTHFR1298,28060-2,,,
GMTHFR677,28005-7,,,
GP,13983-2,%,,
GP210B,56716-4,,,
GQ1bG,56741-2,,,
GQ1bGF,56741-2,,,
GQ1bM,56742-0,,,
GQ1bMF,63255-4,,,
GT1bG,63257-0,,,
GT1bM,63259-6,,,
GZYLS,46134-3,/[HPF],,
h1IgE,9828-5,,,
h2IgE,7425-2,,,
H6PCR,29495-9,,,
HA,12736-5,ug/L,,
HALO,3669-9,ug/L,,
HAPT,4542-7,g/L,,
HAVPCR,89373-5,,,
HB,718-7,g/L,,
HBA1,17856-6,%,,
HBA1D,4548-4,%,,
HBBT,65633-0,,,
HBFQ,55729-8,%,,
HBV,49360-1,[IU]/mL,,
HCB,31019-3,mg/L,,
HCBT,5199-5,,,
HCG,83086-9,U/L,,
HCPQ,49376-7,[IU]/mL,,
HCT-POCT,32354-3,%,Arteriell,
HCT-POCT,42908-4,%,Kapillare,
HCT-POCT,41655-2,%,gemischtVenoes,
HCT-POCT,41654-5,%,Venoes,
HCY,13965-9,umol/L,,
HDL,2085-9,mg/dL,,
HEFEP,51481-0,/uL,,
HEFES,5822-2,/[HPF],,
HEVG,56513-5,[arb'U]/mL,,
HEVM,83128-9,,,
HEVYAK,74864-0,g/L,,
HEVYAL,74865-7,g/L,,
HEVYAR,74869-9,g/L,,
HEVYGK,74862-4,g/L,,
HEVYGL,74863-2,g/L,,
HEVYGR,74868-1,g/L,,
HEVYMK,74866-5,g/L,,
HEVYML,74867-3,g/L,,
HEVYMR,74870-7,g/L,,
HG,5685-3,ug/L,,
HGH,2963-7,ng/mL,,
HGH0,12253-1,ng/mL,,
HGH120,14144-0,ng/mL,,
HGH15,14142-4,ng/mL,,
HGH150,27369-8,ng/mL,,
HGH180,56500-2,ng/mL,,
HGH20,14143-2,ng/ml,,
HGH210,40297-4,ng/mL,,
HGH240,29151-8,ng/mL,,
HGH270,56560-6,ng/mL,,
HGH30,15347-8,ng/mL,,
HGH300,29152-6,ng/mL,,
HGH40,14145-7,ng/mL,,
HGH45,56499-7,ng/mL,,
HGH60,14146-5,ng/mL,,
HGH75,53144-2,ng/mL,,
HGH90,14147-3,ng/mL,,
HH6G,40730-4,,,
HH6GL,44520-5,,,
HH6M,40731-2,,,
HH6ML,42915-9,,,
HI2PE,73659-5,,,
HIS,43231-0,[arb'U]/mL,,
HISB,8071-3,,,
HISTA,2416-6,ng/mL,,
HK,20570-8,L/L,,
HMPFT,38917-1,,,
HOLO,72160-5,pmol/L,,
HS,3084-1,mg/dL,,
HS1P,16130-7,,,
HS2P,44484-4,,,
HSCRP,30522-7,mg/L,,
HSGL,16943-3,[arb'U]/mL,,
HSGS,52981-8,[arb'U]/mL,,
HSML,69921-5,,,
HSMS,40729-6,,,
HSRS,33031-6,/[LPF],,
HST,3091-6,mg/dL,,
HSXS,40728-8,,,
HU,13997-2,{titer},,
HUB,41769-1,,,
HYCO,3680-6,ug/L,,
HYCR,91670-0,pg/mL,,
HYMBSY,12810-8,nmol/s/L{RBCs},,
HYMO,3683-0,ug/L,,
HYPO,728-6,,,
HYPST,17780-8,,,
HZYLS,46135-0,/[HPF],,
i1IgE,6844-5,k[IU]/L,,
i1IgG,49739-6,mg/L,,
i1IgG4,56286-8,mg/L,,
i204IgE,6144-0,k[IU]/L,,
i205IgE,6056-6,k[IU]/L,,
i208IgE,60421-5,k[IU]/L,,
i209IgE,60240-9,k[IU]/L,,
i210IgE,63436-0,k[IU]/L,,
i211IgE,66714-7,k[IU]/L,,
i214IgE,79167-3,k[IU]/L,,
i215IgE,94275-5,k[IU]/L,,
i216IgE,94276-3,k[IU]/L,,
i217IgE,82613-1,k[IU]/mL,,
i3IgE,6740-5,k[IU]/L,,
i3IgG,41229-6,mg/L,,
i3IgG4,56434-4,mg/L,,
i5IgE,13176-3,k[IU]/L,,
i70IgE,6117-6,k[IU]/L,,
i71IgE,54909-7,k[IU]/L,,
i73IgE,6047-5,k[IU]/L,,
i75IgE,15342-9,k[IU]/L,,
i77IgE,6198-6,k[IU]/L,,
IA2,56718-0,[arb'U]/mL,,
IAAG,48310-7,,,
IAALE,34487-9,,,
IAAS,72266-0,{Index_val},,
IAGS,31437-7,,,
IAK,8074-7,[arb'U]/mL,,
IAPCR,38381-0,,,
IBAG,38382-8,,,
IBALE,40982-1,,,
IBAS,72265-2,{Index_val},,
IBIL,1971-1,mg/dL,,
IBPCR,40982-1,,,
ICA,56687-7,{titer},,
IFAK,56539-0,[arb'U]/mL,,
IGA,2458-8,g/L,,
IGA1,6886-6,g/L,,
IGA2,6939-3,g/L,,
IGE,83102-4,[IU]/L,,
IGF-1,2484-4,ng/mL,,
IGF10,49850-1,ug/L,,
IGF2,2485-1,ng/mL,,
IGF3,2483-6,ug/mL,,
IGG,2465-3,g/L,,
IGG1,2466-1,g/L,,
IGG2,2467-9,g/L,,
IGG3,2468-7,g/L,,
IGG4,2469-5,g/L,,
IGM,2472-9,g/L,,
IH1PCR,55465-9,,,
IL1B,13629-1,ug/l,,
IL2R,43171-8,kU/L,,
IL6,26881-3,pg/mL,,
IL8,33211-4,ng/L,,
IMGRad,53115-2,10*9/L,Automat,
IMGRd,71695-1,%,Automat,
INHA,23883-2,pg/mL,,
INHB,56940-0,ng/L,,
INOR,38875-1,{INR},,
INR,6301-6,{INR},,
INSU,20448-7,m[iU]/L,,
INSU0,56482-3,m[iU]/L,,
INSU10,47654-9,m[iU]/L,,
INSU120,47659-8,m[iU]/L,,
INSU150,27863-0,m[iU]/L,,
INSU180,27828-3,m[iU]/L,,
INSU20,27372-2,m[iU]/L,,
INSU210,30261-2,m[iU]/L,,
INSU240,29378-7,m[iU]/L,,
INSU30,27827-5,mU/mL,,
INSU300,27852-3,mU/mL,,
INSU360,29379-5,mU/mL,,
INSU40,27444-9,mU/mL,,
INSU480,56941-8,mU/mL,,
INSU5,57353-5,mU/mL,,
INSU60,27379-7,mU/mL,,
INSU90,27330-0,mU/mL,,
ISON,3697-0,ug/mL,,
JCPCR,49412-0,{copies}/mL,,
JO1,5234-0,,,
JO1B,56731-3,,,
JOLL,7793-3,,,
K,2823-3,mmol/L,,
K+-POCT,32713-0,mmol/L,Arteriell,
K+-POCT,41656-0,mmol/L,gemischtVenoes,
K+-POCT,39790-1,mmol/L,Kapillare,
K+-POCT,39789-3,mmol/L,Venoes,
k212IgE,19724-4,k[IU]/L,,
k215IgE,50646-9,k[IU]/L,,
k217IgE,56595-2,k[IU]/L,,
k218IgE,56596-0,k[IU]/L,,
k220IgE,50649-3,k[IU]/L,,
k221IgE,56597-8,k[IU]/L,,
k74IgE,6247-1,k[IU]/L,,
k75IgE,7431-0,k[IU]/L,,
k75IgG,61139-2,mg/L,,
k76IgE,7430-2,k[IU]/L,,
k76IgG,61140-0,mg/L,,
k77IgE,7429-4,k[IU]/L,,
k77IgG,61141-8,mg/L,,
k78IgE,6112-7,k[IU]/L,,
k79IgE,7601-8,k[IU]/L,,
k79IgG,35550-3,mg/L,,
k80IgE,6119-2,k[IU]/L,,
k80IgG,13180-5,mg/L,,
k81IgE,6116-8,k[IU]/L,,
k82IgE,6158-0,k[IU]/L,,
k82IgG,63161-4,mg/L,,
k85IgE,6072-3,k[IU]/L,,
k87IgE,7073-0,k[IU]/L,,
KAPP,11050-2,mg/L,,
KAPPF,80515-0,mg/L,,
KLFQ,48378-4,{ratio},,
KOPRO,14157-2,ug/dL,,
KREA,2160-0,mg/dL,,
KRISTP,51482-8,/uL,,
KU,69556-9,,,
LA,2524-7,mmol/L,,
LA0,59004-2,mmol/L,,
LA15,59012-5,mmol/L,,
LA30,59013-3,mmol/L,,
LAC,75514-0,,,
LAC-POCT,2518-9,mmol/L,Arteriell,
LAC-POCT,2519-7,mmol/L,Venoes,
LAC-POCT,19239-3,mmol/L,Kapillare,
LAC-POCT,19240-1,mmol/L,gemischtVenoes,
LACE,12480-0,U/L,,
LACOS,59297-2,mg/L,,
LALB,1746-7,g/L,,
LAMBF,80516-8,mg/L,,
LAMO,6948-4,mg/L,,
LAMPHIB,90816-0,[arb'U]/L,,
LAMY,33203-1,pg/mL,,
LAMY40,70072-4,pg/mL,,
LAUS,10333-3,,,
LC1B,56719-8,,,
LCASPR2,90820-2,,,
LCL,2070-1,mmol/L,,
LDH,14804-9,U/L,,
LDH1,2536-1,%,,
LDH2,2539-5,%,,
LDH3,2542-9,%,,
LDH4,2545-2,%,,
LDH5,51520-5,%,,
LDL,2089-1,mg/dL,,
LDPPX,90824-4,{titer},,
LEGAGU,32781-7,,,
LEGAK1,32696-7,{titer},,
LEGAKG,43193-2,{titer},,
LEIAK,25633-9,,,
LEIDG,35402-7,,,
LEIG,34608-0,{titer},,
LEIM,39577-2,{titer},,
LEO,26451-5,%,,
LEPAKG,51815-9,[arb'U]/mL,,
LEPAKM,51819-1,[arb'U]/mL,,
LEPT,21365-2,ng/mL,,
LERYT,791-4,10*3/uL,,
LEU,6690-2,10*9/L,,
LEUKP,51487-7,/ul,,
LEUKS,5821-4,/[HPF],,
LEVE,30471-7,mg/L,,
LGABR,90826-9,{titer},,
LGLU,2342-4,mg/dL,,
LGRA,33963-0,%,,
LH,83103-2,[IU]/L,,
LH0,32328-7,m[IU]/mL,,
LH30,32326-1,m[IU]/mL,,
LHB,719-5,ug/L,,
LI,14334-7,mmol/L,,
LIDO,3714-3,mg/L,,
LIGA,2457-0,mg/dL,,
LIGG,2464-6,mg/dL,,
LIGM,2471-1,mg/dL,,
LINE,34202-2,ug/mL,,
LIP,3040-3,U/L,,
LKF,12215-0,umol/L,,
LKM,57434-3,{titer},,
LKM1B,59072-9,,,
LLAK,2520-5,mmol/L,,
LLDH,2528-8,U/L,,
LLYM,26492-9,%,,
LMETH,34628-8,umol/L,,
LMWH,32684-3,[arb'U]/mL,,
LMYE,90834-3,{titer},,
LORA,3724-2,ng/mL,,
LPA,10835-7,mg/dL,,
LPHOTAU,72260-3,pg/mL,,
LPMN,26517-3,%,,
LRI,43188-2,{titer},,
LS100,47274-6,ug/L,,
LTAU,30160-6,pg/mL,,
LTC-HF,75374-9,%,,
LTP,2880-3,g/L,,
LTR,51748-2,{titer},,
LYMPa,731-0,10^9/L,Automat,
LYMPad,731-0,10^9/L,Automat,
LYMPad,732-8,10^9/L,Mikroskop,
LYMPad,26474-7,10^9/L,,x
LYMPd,26478-8,%,,
LYMPd,736-9,%,Automat,
LYMPd,737-7,%,Mikroskop,
LYMPG,737-7,%,Mikroskop,
LYMPGa,732-8,10^9/L,Mikroskop,
LYMPGa,26474-7,10^9/L,,
LYO,53713-4,{titer},,
LYSOZ,2589-0,mg/L,,
LZEL,52816-6,10*6/L,,
m11IgE,6229-9,k[IU]/L,,
m11IgG,35552-9,mg/L,,
m12IgE,6029-3,k[IU]/L,,
m12IgG,26955-5,mg/l,,
m1IgE,6212-5,k[IU]/L,,
m1IgG,26957-1,mg/L,,
m207IgE,6830-4,k[IU]/L,,
m207IgG,58914-3,mg/L,,
m218IgE,30986-4,k[IU]/L,,
m219IgE,30990-6,k[IU]/L,,
m220IgE,30991-4,k[IU]/L,,
m221IgE,30992-2,k[IU]/L,,
m222IgE,30993-0,k[IU]/L,,
m227IgE,51857-1,k[IU]/L,,
m229IgE,58774-1,k[IU]/L,,
m22IgG,26948-0,mg/L,,
m23IgG,34190-9,mg/L,,
m24IgG,42816-9,mg/L,,
m2IgE,6075-6,k[IU]/L,,
m2IgG,42893-8,mg/L,,
m3IgE,6025-1,k[IU]/L,,
m3IgG,26954-8,mg/L,,
m4IgE,6182-0,k[IU]/L,,
m4IgG,35549-5,k[IU]/L,,
m5IgE,6059-0,k[IU]/L,,
m5IgG,35530-5,mg/L,,
m6IgE,6020-2,k[IU]/L,,
m6IgG,26951-4,mg/L,,
m8IgE,6138-2,k[IU]/L,,
m9IgE,6121-8,k[IU]/L,,
MA2B,82423-5,,,
MAG,33394-8,{titer},,
MAGL,9566-1,[arb'U]/mL,,
MAGS,5244-9,[arb'U]/mL,,
MAKZ,738-5,,,
MALAK,25731-1,{titer},,
MAML,74417-7,,,
MAMS,35276-5,,,
MAPCR,48508-6,,,
MAPRO,3735-8,ug/L,,
MAS,70569-9,,,
MAXS,35275-7,,,
MCH,785-6,pg,,
MCHC,786-4,g/L,,
MCV,787-2,fL,,
MDA5B,82424-3,,,
MEGA,10376-2,,,
MEHB,2614-6,%,,
MELA,11055-1,pg/mL,,
MELSAL,78992-5,pg/mL,,
MERO,41406-0,mg/L,,
MEROFV,41406-0,mg/L,,
MESX,10546-0,mg/L,,
META,740-1,%,Mikroskop,
METAa,739-3,10*9/L,Mikroskop,
METH,14836-1,umol/L,,
METHB-POCT,2615-3,%,Arteriell,
METHB-POCT,2617-9,%,Venoes,
METHB-POCT,2616-1,%,Kapillare,
METHB-POCT,41607-3,%,gemischtVenoes,
METPH,3807-5,ug/L,,
MG,2601-3,mmol/L,,
MI2AK,63276-0,,,
MI2B,56743-8,,,
MIAN,2635-1,ng/mL,,
MIDA,3821-6,ug/L,,
MIKZ,741-9,,,
MIRT,17283-3,ng/mL,,
MIRTM,34415-0,ng/mL,,
MMS,2629-4,ug/L,,
MOG,91544-7,{titer},,
MONOa,742-7,10*9/L,Automat,
MONOad,743-5,10*9/L,Mikroskop,
MONOad,742-7,10*9/L,Automat,
MONOad,26484-6,10*9/L,,
MONOd,5905-5,%,Automat,
MONOd,744-3,%,Mikroskop,
MONOd,26485-3,%,,x
MPA,23905-3,mg/L,,
MPFT,29257-3,,,
MPO,29643-4,,,
MPRLQ,50366-4,%,,
MSCLOZ,6896-5,ug/L,,
MSCLOZM,10992-6,ug/L,,
MSCTL,34635-3,ug/L,,
MSDULO,46227-5,ug/L,,
MSFLUO,3644-2,ug/L,,
MSFLUON,3868-7,ug/L,,
MSFLUOUN,10339-0,ug/L,,
MSHALO,3669-9,ug/L,,
MSMIRT,17283-3,ug/L,,
MSNOLZ,57727-0,ug/L,,
MSNSERT,6897-3,ug/L,,
MSOLZ,12389-3,ug/L,,
MSRISP,9393-0,ug/L,,
MSRISPM,9383-1,ug/L,,
MSRISPUM,9394-8,ug/L,,
MSSERT,6906-2,ug/L,,
MSVEN,9630-5,ug/L,,
MSVENM,9628-9,ug/L,,
MUGL,25418-5,{index_val},,
MULTI,32217-2,,,
MUMS,6478-2,,,
MUSK,94273-0,nmol/L,,
MUXS,31503-6,{index_val},,
MYE,56629-9,{titer},,
MYEL,749-2,%,Mikroskop,
MYELa,748-4,10*9/L,Mikroskop,
MYPNA,26684-1,,,
MYPNG,5255-5,U/mL,,
MYPNM,5256-3,{Index_val},,
NA,2951-2,mmol/L,,
NA+-POCT,32717-1,mmol/L,Arteriell,
NA+-POCT,41657-8,mmol/L,gemischtVenoes,
NA+-POCT,39792-7,mmol/L,Kapillare,
NA+-POCT,39791-9,mmol/L,Venoes,
NCLOM,3536-0,ug/L,,
NDOXE,3862-0,,,
NEOP,9740-2,nmol/L,,
NETI,47385-0,ug/L,,
NEUTa,751-8,10*9/L,Automat,
NEUTad,26499-4,10*9/L,,
NEUTad,753-4,10*9/L,Mikroskop,
NEUTad,751-8,10*9/L,Automat,
NEUTd,26511-6,%,,
NEUTd,770-8,%,Automat,
NEUTd,23761-0,%,Mikroskop,
NGALalt,74099-3,ng/mL,,
NH3,15149-8,umol/L,,
NHDLC,43396-1,mg/dL,,
NNR,25499-5,{titer},,
NOR,2666-6,pg/mL,,
NOR120,12526-0,pg/mL,,
NOR180,12527-8,pg/mL,,
NOR60,12525-2,pg/mL,,
NORM,26461-4,%,,
NORM,18309-5,%,Mikroskop,
NRBC,33990-3,/100{WBC},Automat,
NRBCa,715-3,10*9/L,Automat,
NSE,57371-7,ug/L,,
NSERT,6897-3,ug/L,,
NTRIP,3872-9,ug/L,,
NUK,34416-8,[arb'U]/mL,,
NV1CE,97525-0,,,
NV2CE,97532-6,,,
NVPCR,41035-7,,,
NXP2B,82426-8,,,
o214IgE,58984-6,k[IU]/L,,
o215IgE,73837-7,k[IU]/L,,
OCB,35331-8,ug/mL,,
OKKHBFx,27396-1,ug/g,,
OLIGO,56764-4,,,
OLIGOS,57665-2,,,
OLU,33264-3,mosm/kg,,
OLZ,12389-3,ug/L,,
OSMO,2692-2,mosm/kg,,
OSTE,2697-1,ng/mL,,
OXAL,2701-1,mg/(24.h),,
OXAZ,3886-9,ug/L,,
P125,11210-2,[arb'U]/mL,,
P153,29153-4,[arb'U]/mL,,
P199,26924-1,[arb'U]/mL,,
P50(ACT)-POCT,19214-6,mm[Hg],Arteriell,
P50(ACT)-POCT,19216-1,mm[Hg],Venoes,
P50(ACT)-POCT,19215-3,mm[Hg],Kapillare,
P50(ACT)-POCT,19217-9,mm[Hg],gemischtVenoes,
P724,34161-0,[arb'U]/L,,
PA,3298-7,mg/L,,
PAFP,11207-8,ug/L,,
PALB,1747-5,g/dL,,
PAML,32298-2,U/L,,
PANC,14278-6,{titer},,
PANELA,25907-7,ug/g,,
PANK,34406-9,{titer},,
PAP,15148-0,U/L,,
PB,5671-3,ug/L,,
PBGS,5273-8,[arb'U]/mL,,
PBIL,1974-5,mg/dL,,
PBML,40658-7,{Index_val},,
PBMS,5274-6,[arb'U]/mL,,
PBPCR,9571-1,,,
PBZa,11130-2,10*9/L,,
PCAAK,5271-2,{titer},,
PCEA,12515-3,ug/L,,
PCHE,2098-2,U/L,,
PCHO,12183-0,mg/dL,,
PCO2(T)-POCT,32771-8,mm[Hg],Arteriell,
PCO2(T)-POCT,40619-9,mm[Hg],Venoes,
PCO2(T)-POCT,40620-7,mm[Hg],Kapillare,
PCO2(T)-POCT,50981-0,mm[Hg],gemischtVenoes,
PCO2(T)-POCT,47599-6,mm[Hg],Nabelschnurblut,
PCRP,16503-5,mg/L,,
PCT,75241-0,ug/L,,
PELA,25907-7,ug/g,,
PELAx,25907-7,ug/g,,
PEO,30379-2,%,,
PERAKA,23830-3,[arb'U]/mL,,
PERAKG,23831-1,[arb'U]/mL,,
PERYT,794-8,10*9/L,,
PGLU,2344-0,mg/dL,,
PGRA,74143-9,%,,
PH(T)-POCT,33254-4,[pH],Arteriell,
PH(T)-POCT,50980-2,[pH],gemischtVenoes,
PH(T)-POCT,39485-8,[pH],Kapillare,
PH(T)-POCT,39486-6,[pH],Venoes,
PHNO,3948-7,mg/L,,
PHOS,14879-1,mmol/L,,
PHS,53612-8,mg/dL,,
PHST,57392-3,mg/dL,,
PI1I,31924-4,,,
PI2I,5871-9,,,
PI3I,5873-5,,,
PIGA,15181-1,g/L,,
PIPEFV,3972-7,ug/mL,,
PIVFT,61365-3,,,
PIVPCR,61365-3,,,
PL12B,56745-3,,,
PL7B,56744-6,,,
PLA,14165-5,mmol/L,,
PLAS,79426-3,%,,
PLASa,24103-4,10*9/L,,
PLDH,32324-6,U/L,,
PLEPS,11277-1,/[HPF],,
PLEUK,26467-1,10*3/uL,,
PLGF,74755-0,pg/mL,,
PLIP,15212-4,U/L,,
PLYM,71697-7,%,,
PMLB,56753-7,,,
PMN,26494-5,%,,
PMSCL100B,88735-6,[arb'U]/L,,
PMSCL75B,88736-4,[arb'U]/L,,
PNA,32340-2,mmol/L,,
PNSE,48164-8,ug/L,,
PO1S,22446-9,{titer},,
PO2-POCT,2704-5,mm[Hg],Kapillare,
PO2-POCT,2705-2,mm[Hg],Venoes,
PO2-POCT,19211-2,mm[Hg],gemischtVenoes,
PO2-POCT,2703-7,mm[Hg],Arteriell,
PO3S,22450-1,{titer},,
POI,779-9,,,
POLY,10378-8,,,
PP,2721-9,pg/mL,,
PPMN,26519-9,%,,
PPSA,47738-0,ug/L,,
PRAE,14338-8,g/L,,
PRC,27819-2,%,,
PREGA,47414-8,mg/L,,
PRIM,3978-4,mg/L,,
PRIN,27882-0,pmol/L,,
PRIN0,47190-4,pmol/L,,
PRIN120,27856-4,pmol/L,,
PRIN180,27857-2,pmol/L,,
PRIN240,27958-8,pmol/L,,
PRIN60,27956-2,pmol/L,,
PRL,20568-2,ug/L,,
PRL0,12231-7,ug/L,,
PRL120,16109-1,ug/L,,
PRL180,17241-1,ug/L,,
PRL20,12833-0,ug/L,,
PRL30,41608-1,ug/L,,
PRL60,41609-9,ug/L,,
PRL90,21381-9,ug/L,,
PRO17,1668-3,ug/L,,
PRO170,27996-8,ug/L,,
PRO1730,48340-4,ug/L,,
PRO3,63310-7,,,
PROBNP,33762-6,pg/mL,,
PROG,83109-9,ug/L,,
PROG0,27967-9,ug/L,,
PROKN,77370-5,ug/L,,
PROM,26524-9,%,,
PROM,783-1,%,Mikroskop,
PROMa,26523-1,10*9/L,,
PROMa,781-5,10*9/L,Mikroskop,
PROME,3988-3,ug/L,,
PROP,34673-4,mg/L,,
PSA,83112-3,ug/L,,
PSAF,83113-1,ug/L,,
PSAQ,12841-3,%,,
PTC-HF,30457-6,%,,
PTH,2731-8,ng/L,,
PTH10,40929-2,ng/L,,
PTN,3968-5,mg/L,,
PTP,2881-1,g/L,,
PTRB,20513-8,,,
PTRI,12228-3,mg/dL,,
PTRP,15087-0,pmol/L,,
PTT,3173-2,s,,
PVFT,60525-3,,,
PYRA,11001-5,ug/mL,,
PYRI,34669-2,ug/mL,,
PZEL,38258-0,,,
PZYLP,51483-6,/uL,,
QFL,32566-2,{titer},,
QFPCR,23024-3,,,
QFS,5100-3,{titer},,
QMA,53980-9,{titer},,
QUET,26776-5,ug/L,,
QUI,5894-1,%,,
REBO,88896-6,ug/L,,
RECB,88727-3,[arb'U]/L,,
REIBQ,48669-6,,,
REN,35570-1,pg/mL,,
REN120,78517-0,pg/mL,,
RESI,55100-2,[arb'U]/mL,,
RETI,14196-0,10*3/uL,,
RETP,1836-6,mg/dL,,
RF,15205-8,[IU]/mL,,
RHIFT,7993-9,,,
RI,13998-0,{titer},,
RIB,13636-6,,,
RIBL,33008-4,,,
RIFA,4021-2,ug/mL,,
RIRIG,5307-4,{titer},,
RIRIM,5308-2,{titer},,
RISP,9393-0,ug/L,,
RISPM,9383-1,ug/L,,
RISPUM,9394-8,ug/L,,
RITA,3807-5,ug/L,,
RITYG,5324-9,{titer},,
RITYM,5325-6,{titer},,
RIVA,74871-5,mg/L,,
RNP,53022-0,,,
RO52B,63445-1,,,
ROEG,5334-8,[arb'U]/mL,,
ROEVG,5334-8,[arb'U]/mL,,
ROGL,40668-6,,,
ROGS,8014-3,[IU]/mL,,
ROHL,42967-0,{titer},,
ROHS,50694-9,{titer},,
ROML,40669-4,,,
ROMS,24116-6,,,
ROPS,17548-9,,,
ROXS,40667-8,,,
RSAG,55100-2,,,
RSVCE,40988-8,,,
RSVFT,30075-6,,,
RSVPCR,30075-6,,,
RTVPCR,62859-4,,,
RUFI,59323-6,mg/L,,
S100,83114-9,ug/L,,
SAA,48498-0,mg/L,,
SACEG,47321-5,[arb'U]/mL,,
SAEB,82440-9,,,
SALI,4024-6,mg/dL,,
SALMAAK,9672-7,[arb'U],,
SALMAK,20951-0,,,
SAPS,72111-8,,,
SARS2,94763-0,,,
SARSL2,94500-6,,,
SBAR,10338-2,ug/L,,
SBC-POCT,19230-2,mmol/L,Arteriell,
SBC-POCT,19233-6,mmol/L,gemischtVenoes,
SBC-POCT,19231-0,mmol/L,Kapillare,
SBC-POCT,19232-8,mmol/L,Venoes,
SBE-POCT,19235-1,mmol/L,Arteriell,
SBE-POCT,19238-5,mmol/L,gemischtVenoes,
SBE-POCT,19236-9,mmol/L,Kapillare,
SBE-POCT,19237-7,mmol/L,Venoes,
SBEN,46977-5,ug/L,,
SBJ,25700-6,,,
SSCC,9679-2,ug/L,,
SCHLP,51478-6,/uL,,
SCHLS,46421-4,/[HPF],,
SCL70,5348-8,,,
SEFV,23779-2,ug/L,,
SEG,769-0,%,Mikroskop,
SEGa,768-2,10*9/L,Mikroskop,
SEO,17834-3,%,,
SERO,27057-9,ng/mL,,
SERT,6906-2,ug/L,,
SERYT,26458-0,10*9/L,,
SHBG,13967-5,nmol/L,,
SHBG0,65359-2,nmol/L,,
SHIF,22539-1,{titer},,
SHIS,22540-9,{titer},,
SIGA,2458-8,g/L,,
SIGG,2465-3,g/L,,
SIGM,2472-9,g/L,,
SIRO,29247-4,ug/L,,
SIROMS,29247-4,ug/L,,
SKCENAB,81714-8,,,
SKCENBB,82391-4,,,
SKFIB,82394-8,,,
SKKU,69556-9,,,
SKNOR90B,82418-5,,,
SKPDGFRB,82432-6,,,
SKPSC100B,81732-0,,,
SKPSC75B,81733-8,,,
SKRP11B,81737-9,,,
SKRP155B,81738-7,,,
SKSCLB,56693-5,,,
SKTHTOB,81743-7,,,
SLA,32219-8,[arb'U]/mL,,
SLAB,56722-2,,,
SLEU,26469-7,10*9/L,,
SLEUK,26469-7,10*3/uL,,
SLYM,26497-8,%,,
SM,26880-5,,,
SMA,5358-7,{titer},,
SMB,5356-1,,,
SMN,26497-8,%,,
SO2-POCT,2708-6,%,Arteriell,
SO2-POCT,2711-0,%,Venoes,
SO2-POCT,2709-4,%,Kapillare,
SO2-POCT,19224-5,%,gemischtVenoes,
SOX1,53709-2,{titer},,
SOX1B,82444-1,,,
SP100B,56754-5,,,
SPCOR,2142-8,ng/mL,,
SPERMS,49111-8,/[HPF],,
SPH,1715-2,U/L,,
SPHAER,802-9,,,
SPMN,26522-3,%,,
SRPB,63559-9,,,
SSA,5351-2,,,
SSB,5353-8,,,
STAB,764-1,%,Mikroskop,
STABa,763-3,10*9/L,Mikroskop,
STAP,5366-0,[arb'U]/mL,,
STFR,30248-9,mg/L,,
STHEPTA,34313-7,ug/g,,
STIRP,59340-0,mg/L,,
STKOPRO,40627-2,ug/g,,
STOMA,10380-4,,,
STP,2885-2,g/L,,
STRE,5370-2,[IU]/L,,
STUG,30078-0,g,,
STZ,8101-8,%,,
STZa,14135-8,10*9/L,,
SULF,6907-0,ug/mL,,
SULP,35117-1,ug/L,,
SULT,33961-4,mg/L,,
SVIS,41238-7,cP,,
sx1IgE,7492-2,,,
SXY1,10453-9,mg/dL,,
SXYL,29999-0,mg/dL,,
SYAS,17657-8,[IU]/mL,,
SYGL,2348-1,mg/dL,,
SYHS,3085-8,mg/dL,,
SYIG,15183-7,g/L,,
SYLA,2525-4,mmol/L,,
SYRF,13634-1,[IU]/mL,,
SYTP,2886-0,g/L,,
t12IgE,6285-1,k[IU]/L,,
t14IgE,6090-5,k[IU]/L,,
t15IgE,60238-3,k[IU]/L,,
t16IgE,6282-8,k[IU]/L,,
t1IgE,7155-5,k[IU]/L,,
t212IgE,26049-7,k[IU]/L,,
t215IgE,30984-9,k[IU]/L,,
t216IgE,30985-6,k[IU]/L,,
t220IgE,34250-1,k[IU]/L,,
t221IgE,51524-7,k[IU]/L,,
t224IgE,58754-3,k[IU]/L,,
t225IgE,82572-9,k[IU]/L,,
t240IgE,65780-9,k[IU]/L,,
t241IgE,64969-9,k[IU]/L,,
t2IgE,15284-3,k[IU]/L,,
t3IgE,15283-5,k[IU]/L,,
t3IgG4,97963-3,mg/L,,
t4IgE,6136-6,k[IU]/L,,
t5IgE,6038-4,k[IU]/L,,
t7IgE,6189-5,k[IU]/L,,
TAK,38504-7,{titer},,
TARZ,10381-2,,,
TBIL,1975-2,mg/dL,,
TBIL-POCT,89872-6,umol/L,Arteriell,
TC,6683-7,s,,
TEIC,4043-6,mg/L,,
TESTO,83116-4,ug/L,,
TESTO0,58835-0,ug/L,,
TESTOF,2991-8,pg/mL,,
TFSA,2502-3,%,,
TG,3013-0,ng/mL,,
TGAK,56536-6,[arb'U]/mL,,
TGEG,5388-4,[arb'U]/mL,,
TGEM,5390-0,{Index_val},,
TGLEG,30038-4,[arb'U]/mL,,
TGLEM,30569-8,[arb'U]/mL,,
TGWF,38505-4,%,,
THB-POCT,30313-1,g/dL,Arteriell,
THB-POCT,30351-1,g/dL,gemischtVenoes,
THB-POCT,30352-9,g/dL,Kapillare,
THB-POCT,30350-3,g/dL,Venoes,
THEO,4049-3,mg/L,,
t helper cells,24467-3,10*9/L,,
THEZR,17146-2,%,,
THRO,777-3,10*9/L,,
THZ,3243-3,s,,
TK,44934-8,U/L,,
TL,5744-8,ug/L,,
TNFA,3074-2,ng/L,,
TNI,10839-9,ug/L,,
TNI+,89579-7,pg/mL,,
TNI+E,10839-9,pg/mL,,
TNIhs,89579-7,ng/L,,
TNT,33204-9,,,
TOBR,35670-9,ug/mL,,
TOLLAK,5288-6,[arb'U]/mL,,
TOPI,17713-9,mg/L,,
TOX,803-7,,,
TP,2885-2,g/L,,
TPEG,51838-1,[arb'U]/mL,,
TPEGL,47512-9,[arb'U]/mL,,
TPEM,51839-9,[arb'U]/mL,,
TPEML,47514-5,[arb'U]/mL,,
TPOAK,56477-3,{Index_val},,
TPPA,22590-4,{titer},,
TPPAL,51475-2,{titer},,
TPS,63441-0,[arb'U]/L,,
TPVL,50695-6,{titer},,
TPVS,71793-4,{titer},,
TPZ,5894-1,%,,
TR,56550-7,{titer},,
TRAEN,7791-7,,,
TRAK,57416-0,U/L,,
TRAN,3034-6,g/L,,
TRB,88734-9,[arb'U]/L,,
TRI,2571-8,mg/dL,,
TRIMI,4083-2,ug/L,,
TRIPS,5814-9,,,
TRIZ,10552-8,ug/L,,
TRYP,21582-2,ug/L,,
TSH,3016-3,m[IU]/L,,
TSH0,14999-7,m[IU]/L,,
TSH30,29316-7,m[IU]/L,,
TTG,46128-5,[arb'U]/mL,,
TULG,33465-6,{titer},,
TULM,33466-4,{titer},,
UA1M,46723-3,mg/L,,
Ua1m,48414-7,mg/(24.h),,
UA1M-KR,48415-4,mg/g{creat},,
UADR,25908-5,nmol/L,,
Uadr,14712-4,nmol/(24.h),,
UAKQ,9318-7,mg/g{creat},,
UALB,21059-1,mg/L,,
Ualb,1755-8,mg/(24.h),,
UALBSP,1754-1,mg/L,,
UALD,31992-1,ug/L,,
Uald,1765-7,ug/(24.h),,
UALS,11215-1,mg/L,,
UAML,1800-2,U/(24.h),,
UAMP,19343-3,,,
UANAB,33915-0,ug/L,,
UBAR,3377-9,,,
UBEN,3390-2,,,
UBIL,5770-3,,,
UCA,25362-5,mmol/L,,
Uca,14637-3,mmol/(24.h),,
UCAN,3427-2,,,
Ucitr,14650-6,mmol/(24.h),,
UCL,21194-6,mmol/L,,
Ucl,2079-2,mmol/(24.h),,
UCLSP,2078-4,mmol/L,,
UCOC,14314-9,,,
Ucopro1,6877-5,ug/(24.h),,
UCOPRO3,47254-8,ug/(24.h),,
Ucopro3,6878-3,ug/(24.h),,
Ucor,14158-0,ug/(24.h),,
UCR,5623-4,ug/L,,
Ucu,14666-2,umol/(24.h),,
UCUFV,21219-1,ug/L,,
Ucufv,5633-3,ug/(24.h),,
UDOP,25906-9,nmol/L,,
UERYP,798-9,/uL,,
UERYS,13945-1,/[HPF],,
Ufe,2499-2,ug/(24.h),,
UGLU,21305-8,mg/dL,,
Uglu,2351-5,g/(24.h),,
UHB,5794-3,,,
UHCG,2106-3,,,
UHEPTA,41997-8,ug/L,,
UHEXA,41998-6,ug/L,,
UHG,21383-5,ug/L,,
UHIS,25971-3,umol/L,,
Uhis,14573-0,umol/(24.h),,
UHS,21587-1,mg/dL,,
Uhs,3087-4,g/(24.h),,
UHST,63481-6,mg/dL,,
Uhst,48999-7,g/(24.h),,
UHVA,25930-9,umol/L,,
Uhva,14783-5,umol/(24.h),,
UIGG,47083-1,mg/L,,
Uigg,55923-7,mg/(24.h),,
UIGG-KR,33948-1,mg/g{creat},,
UK,21476-7,mmol/L,,
Uk,2829-0,mmol/(24.h),,
UKRE,20624-3,mg/dL,,
Ukre,2162-6,g/(24.h),,
UKRESP,2161-8,mg/dL,,
ULAMBF,53574-0,mg/L,,
ULEU,5799-2,,,
UMET,3773-9,,,
UMG,25954-9,mmol/L,,
Umg,2599-9,mmol/(24.h),,
UMN,25955-6,nmol/L,,
Umn,11140-1,nmol/(24.h),,
UNA,21525-1,mmol/L,,
Una,2956-1,mmol/(24.h),,
UNASP,2955-3,mmol/L,,
UNASPQ,33951-5,mol/mol{creat},,
UNEO,47711-7,umol/mol{creat},,
UNICO,3854-7,ug/L,,
UNIT,5802-4,,,
UNKL,51586-6,%,Mikroskop,
UNKLa,51585-8,10*9/L,Mikroskop,
UNMN,25964-8,nmol/L,,
Unmn,15083-9,nmol/d,,
UNOR,25963-0,nmol/L,,
Unor,14854-4,nmol/(24.h),,
UOP,3879-4,,,
UOSM,2694-8,mosm/kg,,
UOSM0,55361-0,mosm/kg,,
UOSMSP,2695-5,mosm/kg,,
UPB,20625-0,ug/L,,
UPENTA,42002-6,ug/L,,
UPH,5803-2,[pH],,
UPHC,3936-2,,,
UPHO,25973-9,mmol/L,,
Upho,14881-7,mmol/(24.h),,
UPOR,24446-7,mg/L,,
Upor,2810-0,mg/(24.h),,
UPRO,21482-5,g/L,,
Upro,2889-4,g/(24.h),,
UPRO-KR,13801-6,mg/g{creat},,
UPROSPQ,2890-2,g/g{creat},,
UPS,56970-7,,,
Ups,10885-2,ug/(24.h),,
URATS,46138-4,/[HPF],,
URO,13658-0,,,
USAM,9192-6,mL/(24.h),,
USg,50562-8,g/cm3,,
USG10,5811-5,,,
USGSU,2966-0,,,
USTD,13362-9,h,,
UTP,20454-5,,,
UURO,32216-4,ug/L,,
Uuro,3113-8,ug/(24.h),,
UVMA,26003-4,umol/L,,
Uvma,14947-6,umol/(24.h),,
UZ,25428-4,,,
V25D,1989-3,ug/L,,
VALP,4086-5,mg/L,,
VANC,20578-1,mg/L,,
VD25,1989-3,ug/L,,
VEN,9630-5,ug/L,,
VENM,9628-9,ug/L,,
VENUM,62849-5,ug/L,,
VITA,2923-1,ug/L,,
VITD,1990-1,ng/L,,
VITE,1823-4,ug/L,,
VITK,9622-2,ng/L,,
VORI,38370-3,mg/L,,
VZGL,58755-0,{Index_val},,
VZGS,8047-3,[arb'U]/mL,,
VZML,69930-6,,,
VZMS,21597-0,,,
VZXS,19162-7,,,
w10IgE,6156-4,k[IU]/L,,
w19IgE,6200-0,k[IU]/L,,
w1IgE,6085-5,k[IU]/L,,
w20IgE,6186-1,k[IU]/L,,
w230IgE,65782-5,k[IU]/L,,
w231IgE,63458-4,k[IU]/L,,
w234IgE,64972-3,k[IU]/L,,
w6IgE,6183-8,k[IU]/L,,
w82IgE,7604-2,k[IU]/L,,
w8IgE,6097-0,k[IU]/L,,
w9IgE,6110-1,k[IU]/L,,
xAQUA,61430-5,[arb'U]/mL,,
xCMPE,33006-8,{copies}/mL,,
xDA2M,29944-6,mg/L,,
xDALB,40599-3,mg/L,,
xUALS,26974-6,ug/L,,
xUals,2200-4,ug/(24.h),,
xUCU,25879-8,umol/L,,
xUNAG,48995-5,U/g{creat},,
xUPOR,27382-1,ug/L,,
xUpor,2810-0,mg/(24.h),,
YEIGA,6964-1,[arb'U]/mL,,
YEIGG,6965-8,[arb'U]/mL,,
YEIGM,6966-6,[arb'U]/mL,,
YO,94702-8,{titer},,
YOB,12853-8,,,
ZYLP,53287-9,/uL,,
